,County,State,Outbreak Date,Flock Type,Flock Size
0,Jackson,Michigan,12-31-2024,WOAH Non-Poultry,9
1,Ottawa,Michigan,12-31-2024,Commercial Turkey Meat Bird,23400
2,Ottawa,Michigan,12-31-2024,Commercial Turkey Meat Bird,29400
3,Miner,South Dakota,12-31-2024,WOAH Poultry,1500
4,Riverside,California,12-31-2024,Commercial Table Egg Layer,181300
5,Spartanburg,South Carolina,12-31-2024,Commercial Upland Gamebird Producer,920
6,Butte,California,12-31-2024,WOAH Non-Poultry,70
7,Tipton,Tennessee,12-30-2024,WOAH Non-Poultry,10
8,Clay,Arkansas,12-30-2024,Commercial Broiler Production,227500
9,Twin Falls,Idaho,12-30-2024,WOAH Non-Poultry,30
10,Copiah,Mississippi,12-30-2024,Commercial Broiler Production,210000
11,Johnson,Nebraska,12-30-2024,Commercial Broiler Production,209100
12,Edmunds,South Dakota,12-30-2023,Commercial Upland Gamebird Producer,1400
13,Snohomish,Washington,12-30-2022,WOAH Poultry,180
14,Sanilac,Michigan,12-30-2022,WOAH Non-Poultry,30
15,Mcintosh,North Dakota,12-29-2023,WOAH Non-Poultry,110
16,Carson,Texas,12-29-2023,WOAH Non-Poultry,30
17,Pierce,Washington,12-29-2022,WOAH Non-Poultry,40
18,Missoula,Montana,12-28-2023,WOAH Non-Poultry,6
19,Sonoma,California,12-28-2023,Commercial Table Egg Layer,52400
20,Sonoma,California,12-28-2023,Commercial Table Egg Layer,37300
21,Audrain,Missouri,12-28-2023,WOAH Poultry,330
22,Marin,California,12-28-2023,Commercial Table Egg Pullets,151000
23,Weakley,Tennessee,12-28-2022,Commercial Broiler Breeder,43600
24,Elk,Kansas,12-28-2022,WOAH Non-Poultry,30
25,Weakley,Tennessee,12-28-2022,Commercial Broiler Breeder,19000
26,Coffey,Kansas,12-27-2024,WOAH Non-Poultry,50
27,Cooper,Missouri,12-27-2024,Commercial Turkey Breeder Hens,14900
28,Stanislaus,California,12-27-2024,Commercial Broiler Production,101700
29,Anderson,Kansas,12-27-2024,WOAH Non-Poultry,40
30,Burnett,Wisconsin,12-27-2024,Commercial Turkey Meat Bird,18600
31,Ottawa,Michigan,12-27-2024,Commercial Turkey Meat Bird,113200
32,Sheridan,Wyoming,12-27-2024,WOAH Non-Poultry,0
33,Darke,Ohio,12-27-2024,Commercial Table Egg Layer,931300
34,Sacramento,California,12-27-2024,Commercial Broiler Production,153800
35,Pemiscot,Missouri,12-27-2024,WOAH Non-Poultry,70
36,Garfield,Oklahoma,12-27-2023,WOAH Non-Poultry,30
37,Hardin,Ohio,12-27-2023,Commercial Table Egg Pullets,1363900
38,Northumberland,Pennsylvania,12-27-2023,Commercial Raised for Release Upland Game Bird,98300
39,Muskegon,Michigan,12-27-2023,Commercial Turkey Meat Bird,31500
40,Todd,Minnesota,12-27-2023,Commercial Turkey Meat Bird,78800
41,Phillips,Kansas,12-26-2024,WOAH Non-Poultry,10
42,Merced,California,12-26-2023,Commercial Table Egg Layer,709000
43,Cass,Missouri,12-24-2024,WOAH Non-Poultry,60
44,Stanislaus,California,12-24-2024,Commercial Table Egg Layer,392100
45,Franklin,Vermont,12-24-2024,WOAH Non-Poultry,20
46,Dade,Missouri,12-24-2024,WOAH Non-Poultry,90
47,San Joaquin,California,12-24-2024,Commercial Table Egg Layer,627800
48,Riverside,California,12-24-2024,Commercial Table Egg Layer,1105500
49,Adair,Oklahoma,12-24-2024,Commercial Turkey Meat Bird,45000
50,Adair,Oklahoma,12-24-2024,Commercial Turkey Meat Bird,81400
51,Ottawa,Michigan,12-23-2024,Commercial Turkey Meat Bird,75500
52,El Dorado,California,12-23-2024,WOAH Non-Poultry,30
53,Lawrence,Illinois,12-23-2024,Commercial Turkey Meat Bird,41400
54,Glenn,California,12-22-2022,Commercial Upland Gamebird Producer,32000
55,Edmunds,South Dakota,12-21-2023,Commercial Upland Gamebird Producer,3800
56,Dodge,Nebraska,12-21-2023,WOAH Non-Poultry,40
57,Bates,Missouri,12-21-2022,WOAH Non-Poultry,30
58,Weakley,Tennessee,12-21-2022,WOAH Poultry,28800
59,St. Clair,Illinois,12-21-2022,WOAH Non-Poultry,60
60,Umatilla,Oregon,12-21-2022,WOAH Non-Poultry,10
61,Cooper,Missouri,12-20-2024,Commercial Turkey Breeder Hens,13000
62,Craighead,Arkansas,12-20-2024,WOAH Non-Poultry,50
63,Sedgwick,Kansas,12-20-2024,WOAH Non-Poultry,30
64,Houston,Minnesota,12-20-2024,WOAH Non-Poultry,60
65,Greene,Mississippi,12-20-2024,Commercial Broiler Breeder,26000
66,Chippewa,Minnesota,12-20-2024,Commercial Turkey Meat Bird,54800
67,Charles Mix,South Dakota,12-20-2023,Commercial Upland Gamebird Producer,50
68,Merced,California,12-20-2023,Commercial Table Egg Layer,243300
69,Mahaska,Iowa,12-20-2023,WOAH Non-Poultry,30
70,Benton,Oregon,12-20-2023,WOAH Non-Poultry,50
71,Merced,California,12-20-2023,Commercial Turkey Meat Bird,73700
72,Weld,Colorado,12-20-2022,Commercial Table Egg Layer,239700
73,Hanson,South Dakota,12-20-2022,Commercial Turkey Meat Bird,31800
74,Gem,Idaho,12-20-2022,WOAH Non-Poultry,80
75,Greene,Ohio,12-19-2024,WOAH Poultry,110
76,Stearns,Minnesota,12-19-2024,Commercial Turkey Meat Bird,12600
77,Coos,Oregon,12-19-2024,WOAH Non-Poultry,40
78,Deschutes,Oregon,12-19-2024,WOAH Non-Poultry,90
79,Jackson,Arkansas,12-19-2024,WOAH Non-Poultry,230
80,Pickens,Alabama,12-19-2024,WOAH Non-Poultry,50
81,Fillmore,Minnesota,12-19-2024,Commercial Turkey Meat Bird,28600
82,Cullman,Alabama,12-19-2024,Commercial Broiler Production,116000
83,Stanislaus,California,12-19-2024,Commercial Table Egg Layer,295800
84,Kenosha,Wisconsin,12-19-2024,WOAH Poultry,6
85,Barton,Kansas,12-19-2023,WOAH Non-Poultry,70
86,Lassen,California,12-19-2023,WOAH Non-Poultry,90
87,Rice,Kansas,12-19-2023,Commercial Table Egg Layer,800000
88,Mcpherson,Kansas,12-19-2023,WOAH Poultry,20000
89,Sonoma,California,12-19-2023,Commercial Duck Meat Bird,3600
90,Muskegon,Michigan,12-19-2023,Commercial Turkey Meat Bird,47900
91,King,Washington,12-19-2023,WOAH Poultry,90
92,Mendocino,California,12-19-2022,WOAH Non-Poultry,20
93,Rooks,Kansas,12-18-2024,Commercial Raised for Release Upland Game Bird,5300
94,Doniphan,Kansas,12-18-2024,Commercial Raised for Release Upland Game Bird,5700
95,Nelson,North Dakota,12-18-2024,WOAH Non-Poultry,60
96,Howard,Missouri,12-18-2024,WOAH Non-Poultry,60
97,Jefferson Davis,Louisiana,12-18-2024,WOAH Non-Poultry,30
98,Edmunds,South Dakota,12-18-2023,Commercial Upland Gamebird Producer,1000
99,Sonoma,California,12-18-2023,WOAH Poultry,38100
100,Rice,Kansas,12-18-2023,WOAH Non-Poultry,100
101,Sonoma,California,12-18-2023,Commercial Table Egg Layer,497700
102,Bon Homme,South Dakota,12-17-2024,Commercial Turkey Meat Bird,48700
103,Charles Mix,South Dakota,12-17-2024,Commercial Turkey Meat Bird,74800
104,Lancaster,Nebraska,12-17-2024,WOAH Poultry,290
105,Charles Mix,South Dakota,12-17-2024,WOAH Poultry,1800
106,Sioux,Iowa,12-17-2024,Commercial Table Egg Layer,428600
107,Monona,Iowa,12-17-2024,WOAH Non-Poultry,30
108,Worth,Iowa,12-17-2024,Commercial Turkey Meat Bird,19500
109,Lemhi,Idaho,12-17-2024,WOAH Non-Poultry,20
110,Stanislaus,California,12-17-2024,Commercial Turkey Meat Bird,33100
111,Lemhi,Idaho,12-17-2024,WOAH Non-Poultry,150
112,O'brien,Iowa,12-17-2024,Commercial Table Egg Layer,351400
113,Sarpy,Nebraska,12-16-2024,WOAH Non-Poultry,30
114,Merced,California,12-16-2024,Commercial Table Egg Pullets,424700
115,Merced,California,12-16-2024,Commercial Turkey Meat Bird,53100
116,Duval,Florida,12-16-2022,WOAH Non-Poultry,10
117,Weld,Colorado,12-16-2022,Commercial Table Egg Layer,1291000
118,Butte,California,12-16-2022,WOAH Non-Poultry,20
119,Flathead,Montana,12-16-2022,WOAH Non-Poultry,0
120,Latah,Idaho,12-15-2023,WOAH Poultry,200
121,Waseca,Minnesota,12-15-2023,WOAH Non-Poultry,90
122,Polk,Oregon,12-15-2022,WOAH Non-Poultry,20
123,Bossier,Louisiana,12-14-2024,WOAH Non-Poultry,40
124,Monterey,California,12-14-2024,Commercial Duck Breeder,13700
125,Tulare,California,12-14-2024,Commercial Duck Meat Bird,41100
126,Merced,California,12-14-2024,Commercial Duck Meat Bird,119000
127,Darke,Ohio,12-14-2023,Commercial Table Egg Layer,522300
128,Scott,Arkansas,12-14-2023,WOAH Non-Poultry,180
129,Clatsop,Oregon,12-14-2023,WOAH Non-Poultry,30
130,Spink,South Dakota,12-14-2022,WOAH Poultry,280
131,Moody,South Dakota,12-14-2022,Commercial Table Egg Layer,1332100
132,Knox,Nebraska,12-14-2022,WOAH Poultry,160
133,Weakley,Tennessee,12-14-2022,WOAH Poultry,37900
134,Franklin,Washington,12-14-2022,Commercial Table Egg Layer,1015500
135,Redwood,Minnesota,12-14-2022,WOAH Non-Poultry,40
136,Barron,Wisconsin,12-13-2024,Commercial Turkey Breeder Hens,13200
137,Tulare,California,12-13-2024,Commercial Broiler Production,514500
138,Livingston,Illinois,12-13-2024,Commercial Turkey Breeder Hens,40500
139,Weld,Colorado,12-13-2023,WOAH Non-Poultry,30
140,San Joaquin,California,12-13-2023,Commercial Duck Breeder,6000
141,Mcpherson,Kansas,12-13-2023,WOAH Poultry,20000
142,Rice,Kansas,12-13-2023,Commercial Table Egg Layer,700000
143,Merced,California,12-13-2023,Commercial Broiler Production,183100
144,Merced,California,12-13-2023,Commercial Table Egg Layer,1358600
145,Columbia,Oregon,12-13-2022,WOAH Non-Poultry,100
146,Linn,Oregon,12-13-2022,WOAH Non-Poultry,20
147,Daviess,Indiana,12-13-2022,Commercial Turkey Meat Bird,11400
148,Craighead,Arkansas,12-12-2024,WOAH Non-Poultry,10
149,Pope,Arkansas,12-12-2024,WOAH Non-Poultry,40
150,Sac,Iowa,12-12-2024,Commercial Turkey Meat Bird,45200
151,Kingsbury,South Dakota,12-12-2024,Commercial Turkey Meat Bird,39300
152,Dutchess,New York,12-12-2023,WOAH Poultry,4200
153,St. Louis,Missouri,12-12-2023,WOAH Non-Poultry,20
154,Etowah,Alabama,12-12-2023,WOAH Non-Poultry,80
155,Lake,South Dakota,12-12-2023,Commercial Turkey Meat Bird,76000
156,Buena Vista,Iowa,12-12-2022,Commercial Turkey Meat Bird,51200
157,Ida,Iowa,12-12-2022,Commercial Turkey Meat Bird,90000
158,Hanson,South Dakota,12-12-2022,Commercial Turkey Meat Bird,23900
159,Cherokee,Iowa,12-12-2022,Commercial Turkey Meat Bird,50000
160,Wadena,Minnesota,12-12-2022,Commercial Turkey Meat Bird,298100
161,Sac,Iowa,12-12-2022,Commercial Turkey Meat Bird,50000
162,Adair,Oklahoma,12-11-2024,WOAH Poultry,40000
163,Sioux,Iowa,12-11-2024,Commercial Table Egg Layer,1575700
164,Dodge,Nebraska,12-11-2024,WOAH Non-Poultry,10
165,Brule,South Dakota,12-11-2024,Commercial Turkey Meat Bird,50900
166,Palo Alto,Iowa,12-11-2024,Commercial Turkey Meat Bird,31100
167,Olmsted,Minnesota,12-11-2023,Commercial Turkey Breeder Hens,14400
168,Jefferson,Idaho,12-10-2024,WOAH Non-Poultry,60
169,La Plata,Colorado,12-10-2024,WOAH Non-Poultry,20
170,Jewell,Kansas,12-10-2024,WOAH Non-Poultry,40
171,Daviess,Missouri,12-10-2024,WOAH Poultry,19900
172,Franklin,Idaho,12-10-2024,WOAH Non-Poultry,40
173,Stanislaus,California,12-10-2024,Commercial Duck Breeder,82600
174,Cedar,Missouri,12-10-2024,WOAH Non-Poultry,20
175,Tulare,California,12-10-2024,Commercial Broiler Production,330200
176,Charles Mix,South Dakota,12-10-2024,Commercial Turkey Meat Bird,32400
177,Beadle,South Dakota,12-10-2024,Commercial Turkey Meat Bird,52200
178,Moody,South Dakota,12-10-2024,Commercial Turkey Meat Bird,46700
179,Beadle,South Dakota,12-09-2024,Commercial Turkey Meat Bird,50600
180,Hutchinson,South Dakota,12-09-2024,Commercial Turkey Meat Bird,42800
181,Kern,California,12-09-2024,WOAH Poultry,45400
182,Lafayette,Arkansas,12-09-2024,WOAH Non-Poultry,40
183,Osage,Missouri,12-09-2022,Commercial Turkey Meat Bird,19700
184,Prowers,Colorado,12-09-2022,Commercial Upland Gamebird Producer,11000
185,Polk,Oregon,12-09-2022,WOAH Non-Poultry,70
186,Clackamas,Oregon,12-09-2022,WOAH Non-Poultry,60
187,Onslow,North Carolina,12-09-2022,WOAH Non-Poultry,60
188,Barron,Wisconsin,12-08-2023,Commercial Turkey Meat Bird,70000
189,Mills,Iowa,12-08-2023,WOAH Non-Poultry,10
190,Barton,Kansas,12-08-2023,WOAH Non-Poultry,30
191,Charles Mix,South Dakota,12-08-2023,Commercial Turkey Meat Bird,32400
192,Dade,Missouri,12-08-2022,WOAH Non-Poultry,30
193,Hamlin,South Dakota,12-08-2022,Commercial Turkey Meat Bird,58100
194,Dodge,Minnesota,12-08-2022,Commercial Turkey Meat Bird,10000
195,Stanislaus,California,12-07-2023,Commercial Broiler Production,258600
196,Montmorency,Michigan,12-07-2023,WOAH Poultry,100
197,Sonoma,California,12-07-2023,Commercial Duck Meat Bird,4900
198,Hardin,Ohio,12-07-2023,Commercial Table Egg Layer,2613600
199,Orleans,Vermont,12-07-2023,WOAH Non-Poultry,40
200,Carroll,Arkansas,12-07-2023,Commercial Turkey Meat Bird,33300
201,Darke,Ohio,12-07-2023,Commercial Turkey Meat Bird,15200
202,Cherokee,Iowa,12-07-2022,Commercial Turkey Meat Bird,105000
203,Kingsbury,South Dakota,12-07-2022,WOAH Non-Poultry,70
204,Sac,Iowa,12-07-2022,Commercial Turkey Meat Bird,40000
205,Nemaha,Nebraska,12-06-2024,Commercial Turkey Breeder Hens,12400
206,Pitkin,Colorado,12-06-2024,WOAH Non-Poultry,50
207,Sioux,Iowa,12-06-2024,Commercial Table Egg Layer,4200000
208,Washakie,Wyoming,12-06-2024,WOAH Non-Poultry,20
209,Stanislaus,California,12-06-2024,WOAH Poultry,44100
210,Becker,Minnesota,12-06-2023,Commercial Breeder Operation,20600
211,Bon Homme,South Dakota,12-06-2023,Commercial Turkey Meat Bird,47600
212,Hamlin,South Dakota,12-06-2023,Commercial Turkey Meat Bird,56200
213,Todd,Minnesota,12-06-2023,Commercial Turkey Meat Bird,64000
214,Sonoma,California,12-06-2023,Commercial Table Egg Layer,232000
215,Denton,Texas,12-06-2022,WOAH Non-Poultry,40
216,Pawnee,Oklahoma,12-06-2022,WOAH Non-Poultry,30
217,Harrison,Missouri,12-06-2022,WOAH Non-Poultry,30
218,Lamoille,Vermont,12-06-2022,WOAH Non-Poultry,50
219,Larimer,Colorado,12-06-2022,WOAH Non-Poultry,2
220,Merced,California,12-05-2024,Commercial Table Egg Layer,306100
221,Merced,California,12-05-2024,Commercial Table Egg Layer,793700
222,San Joaquin,California,12-05-2024,Commercial Duck Meat Bird,13000
223,Merced,California,12-05-2024,Commercial Table Egg Layer,1723800
224,Kingsbury,South Dakota,12-05-2023,WOAH Non-Poultry,370
225,Otter Tail,Minnesota,12-05-2023,Commercial Turkey Meat Bird,26300
226,Spink,South Dakota,12-05-2023,Commercial Turkey Meat Bird,26600
227,Shawnee,Kansas,12-05-2023,WOAH Non-Poultry,70
228,Stanislaus,California,12-05-2023,Commercial Broiler Production,239900
229,Stanislaus,California,12-05-2023,Commercial Broiler Production,254400
230,Buena Vista,Iowa,12-05-2022,Commercial Turkey Meat Bird,40700
231,Charles Mix,South Dakota,12-05-2022,Commercial Turkey Meat Bird,34100
232,Clark,South Dakota,12-05-2022,Commercial Turkey Meat Bird,24300
233,Lawrence,Alabama,12-05-2022,WOAH Non-Poultry,460
234,Charles Mix,South Dakota,12-04-2024,Commercial Turkey Meat Bird,65200
235,Stanislaus,California,12-04-2024,Commercial Table Egg Layer,720800
236,Stanislaus,California,12-04-2024,Commercial Turkey Meat Bird,57700
237,Stanislaus,California,12-04-2024,Commercial Turkey Meat Bird,23100
238,Sacramento,California,12-04-2024,Commercial Turkey Meat Bird,61200
239,Riverside,California,12-04-2024,WOAH Non-Poultry,70
240,Barron,Wisconsin,12-04-2023,Commercial Turkey Meat Bird,113800
241,Johnson,Arkansas,12-04-2023,Commercial Broiler Production,109000
242,Mcpherson,South Dakota,12-04-2023,Commercial Turkey Meat Bird,40800
243,Pottawatomie,Kansas,12-04-2023,WOAH Non-Poultry,30
244,Douglas,Kansas,12-03-2024,WOAH Non-Poultry,100
245,Mcpherson,South Dakota,12-03-2024,Commercial Turkey Meat Bird,78200
246,Spink,South Dakota,12-03-2024,Commercial Turkey Meat Bird,41400
247,Fresno,California,12-03-2024,Commercial Broiler Production,237100
248,Adair,Oklahoma,12-03-2024,Commercial Broiler Breeder,63700
249,Utah,Utah,12-03-2024,WOAH Non-Poultry,30
250,Bottineau,North Dakota,12-02-2024,WOAH Poultry,30
251,Clark,South Dakota,12-02-2022,WOAH Non-Poultry,40
252,Knox,Nebraska,12-02-2022,WOAH Non-Poultry,10
253,Union,North Carolina,12-02-2022,WOAH Non-Poultry,9
254,Darke,Ohio,12-01-2023,Commercial Turkey Meat Bird,33000
255,Bay,Michigan,12-01-2023,WOAH Non-Poultry,60
256,Woodbury,Iowa,12-01-2023,WOAH Non-Poultry,40
257,Canyon,Idaho,12-01-2023,WOAH Non-Poultry,20
258,Brookings,South Dakota,12-01-2022,WOAH Non-Poultry,210
259,Arkansas,Arkansas,12-01-2022,WOAH Non-Poultry,20
260,Jackson,Missouri,12-01-2022,WOAH Non-Poultry,30
261,Lake,South Dakota,12-01-2022,Commercial Turkey Meat Bird,78000
262,San Benito,California,11-30-2023,Commercial Duck Breeder,5000
263,Lewis And Clark,Montana,11-30-2023,WOAH Non-Poultry,6
264,Bent,Colorado,11-30-2023,WOAH Poultry,4100
265,Minnehaha,South Dakota,11-30-2023,WOAH Non-Poultry,80
266,Sonoma,California,11-30-2023,Commercial Table Egg Layer,82500
267,Hamlin,South Dakota,11-30-2022,Commercial Turkey Meat Bird,50000
268,Charles Mix,South Dakota,11-30-2022,Commercial Turkey Meat Bird,75100
269,Grundy,Illinois,11-30-2022,WOAH Poultry,8800
270,Fresno,California,11-29-2024,Commercial Duck Breeder,23100
271,Merced,California,11-29-2024,Commercial Turkey Meat Bird,25200
272,Fresno,California,11-29-2024,Commercial Broiler Production,266400
273,Meeker,Minnesota,11-29-2024,Commercial Turkey Meat Bird,223800
274,Gibson,Tennessee,11-29-2024,Commercial Broiler Breeder,37700
275,Tulare,California,11-29-2024,Commercial Duck Breeder,26500
276,Becker,Minnesota,11-29-2023,Commercial Turkey Breeder Hens,23200
277,Dickey,North Dakota,11-29-2023,WOAH Poultry,130
278,Woodbury,Iowa,11-29-2023,WOAH Non-Poultry,10
279,Otter Tail,Minnesota,11-29-2023,Commercial Turkey Meat Bird,18800
280,Morgan,Colorado,11-29-2023,WOAH Non-Poultry,60
281,Douglas,Minnesota,11-29-2023,Commercial Turkey Meat Bird,13500
282,Carroll,Arkansas,11-29-2023,Commercial Broiler Production,81200
283,Hanson,South Dakota,11-29-2022,Commercial Turkey Meat Bird,71600
284,Spink,South Dakota,11-29-2022,Commercial Turkey Meat Bird,32900
285,Washington,Maryland,11-29-2022,Commercial Table Egg Breeder,24600
286,Trempealeau,Wisconsin,11-28-2023,Commercial Turkey Meat Bird,23500
287,Yankton,South Dakota,11-28-2023,Commercial Turkey Meat Bird,49000
288,Emmons,North Dakota,11-28-2023,WOAH Non-Poultry,60
289,Trempealeau,Wisconsin,11-28-2023,Commercial Turkey Meat Bird,48700
290,Mcpherson,South Dakota,11-28-2023,Commercial Turkey Meat Bird,61800
291,Colfax,Nebraska,11-28-2023,WOAH Non-Poultry,20
292,Sioux,Iowa,11-28-2023,Commercial Table Egg Layer,1616300
293,Dickey,North Dakota,11-28-2023,Commercial Turkey Meat Bird,60300
294,Pierce,Washington,11-28-2023,WOAH Non-Poultry,540
295,Iron,Utah,11-28-2022,WOAH Poultry,3000
296,Webster,Missouri,11-28-2022,Commercial Turkey Meat Bird,15100
297,Ransom,North Dakota,11-27-2024,Commercial Turkey Meat Bird,59500
298,Union,Oregon,11-27-2024,WOAH Non-Poultry,30
299,Faulk,South Dakota,11-27-2024,Commercial Turkey Meat Bird,56000
300,Meeker,Minnesota,11-27-2024,Commercial Turkey Meat Bird,24700
301,Sanpete,Utah,11-27-2024,Commercial Turkey Meat Bird,51800
302,Beadle,South Dakota,11-27-2024,Commercial Turkey Meat Bird,41100
303,Sonoma,California,11-27-2023,Commercial Duck Breeder,205500
304,Brown,Minnesota,11-27-2023,Commercial Turkey Breeder Hens,7800
305,Matanuska Susitna,Alaska,11-26-2024,WOAH Non-Poultry,70
306,Meeker,Minnesota,11-25-2024,Commercial Turkey Meat Bird,30500
307,Beadle,South Dakota,11-25-2022,Commercial Turkey Meat Bird,67900
308,Durham,North Carolina,11-25-2022,WOAH Non-Poultry,30
309,Dixon,Nebraska,11-25-2022,Commercial Table Egg Layer,1700000
310,Spink,South Dakota,11-25-2022,Commercial Turkey Meat Bird,55500
311,Beadle,South Dakota,11-25-2022,Commercial Turkey Meat Bird,50700
312,Turner,South Dakota,11-25-2022,WOAH Non-Poultry,210
313,Matanuska Susitna,Alaska,11-25-2022,WOAH Non-Poultry,40
314,Otter Tail,Minnesota,11-24-2023,Commercial Breeder Operation,19400
315,Clackamas,Oregon,11-24-2023,WOAH Non-Poultry,10
316,Kandiyohi,Minnesota,11-24-2023,Commercial Turkey Breeder Hens,7300
317,Freeborn,Minnesota,11-24-2023,WOAH Non-Poultry,8
318,Brule,South Dakota,11-23-2022,WOAH Non-Poultry,30
319,Davidson,Tennessee,11-23-2022,WOAH Non-Poultry,10
320,Columbia,Oregon,11-23-2022,WOAH Non-Poultry,30
321,Todd,Minnesota,11-23-2022,Commercial Turkey Meat Bird,44500
322,Faulk,South Dakota,11-23-2022,Commercial Turkey Meat Bird,49900
323,Broward,Florida,11-23-2022,WOAH Non-Poultry,10
324,Mchenry,North Dakota,11-22-2024,WOAH Poultry,80
325,Merced,California,11-22-2024,Commercial Table Egg Pullets,538600
326,Brule,South Dakota,11-22-2023,Commercial Turkey Meat Bird,45100
327,Trempealeau,Wisconsin,11-22-2023,Commercial Turkey Meat Bird,51300
328,Stearns,Minnesota,11-22-2023,Commercial Turkey Meat Bird,34200
329,Otter Tail,Minnesota,11-22-2023,Commercial Turkey Meat Bird,28000
330,Beadle,South Dakota,11-22-2022,Commercial Turkey Meat Bird,29200
331,Webster,Missouri,11-22-2022,WOAH Poultry,9100
332,Salt Lake,Utah,11-21-2024,WOAH Non-Poultry,30
333,Tulare,California,11-21-2024,Commercial Duck Meat Bird,96900
334,Maricopa,Arizona,11-21-2024,WOAH Non-Poultry,490
335,Roger Mills,Oklahoma,11-21-2024,WOAH Non-Poultry,40
336,Piute,Utah,11-21-2024,Commercial Turkey Meat Bird,35500
337,Madera,California,11-21-2024,WOAH Non-Poultry,10
338,Lemhi,Idaho,11-21-2024,WOAH Non-Poultry,20
339,Broward,Florida,11-21-2023,WOAH Non-Poultry,5
340,Clark,South Dakota,11-21-2023,Commercial Turkey Meat Bird,23600
341,Kandiyohi,Minnesota,11-21-2023,Commercial Breeder Operation,8400
342,Sumter,Georgia,11-21-2023,Commercial Raised for Release Waterfowl,30000
343,Union,Ohio,11-21-2023,Commercial Table Egg Layer,1348900
344,Kingsbury,South Dakota,11-21-2023,Commercial Turkey Meat Bird,28800
345,Big Stone,Minnesota,11-21-2023,Commercial Turkey Meat Bird,78500
346,Beadle,South Dakota,11-21-2023,Commercial Turkey Meat Bird,78200
347,Clark,South Dakota,11-21-2023,Commercial Turkey Meat Bird,57400
348,Caroline,Maryland,11-21-2023,Commercial Broiler Production,192900
349,Brown,Minnesota,11-21-2023,Commercial Turkey Breeder Hens,6400
350,Grimes,Texas,11-21-2023,WOAH Non-Poultry,60
351,Edmunds,South Dakota,11-21-2022,Commercial Turkey Meat Bird,34400
352,Washington,Maine,11-21-2022,WOAH Non-Poultry,90
353,Matanuska Susitna,Alaska,11-20-2024,WOAH Non-Poultry,40
354,Marin,California,11-20-2024,Commercial Duck Meat Bird,6500
355,Kern,California,11-20-2024,Commercial Table Egg Layer,1022400
356,Edmunds,South Dakota,11-20-2023,Commercial Turkey Meat Bird,33400
357,San Juan,New Mexico,11-20-2023,WOAH Non-Poultry,20
358,Day,South Dakota,11-20-2023,WOAH Poultry,60
359,Swift,Minnesota,11-20-2023,Commercial Turkey Meat Bird,134300
360,Walworth,South Dakota,11-20-2023,WOAH Non-Poultry,0
361,Edmunds,South Dakota,11-20-2023,Commercial Turkey Breeder Replacement Hens,30100
362,Edmunds,South Dakota,11-20-2023,Commercial Turkey Breeder Hens,19200
363,Fresno,California,11-20-2023,Commercial Duck Breeder,23400
364,Taylor,Wisconsin,11-20-2023,WOAH Non-Poultry,8
365,Fresno,California,11-19-2024,Commercial Broiler Production,172800
366,Henry,Illinois,11-19-2024,WOAH Poultry,5600
367,Whatcom,Washington,11-19-2024,WOAH Non-Poultry,40
368,Lake,South Dakota,11-19-2024,WOAH Non-Poultry,20
369,Merced,California,11-19-2024,Commercial Turkey Meat Bird,38200
370,Honolulu,Hawaii,11-18-2024,WOAH Non-Poultry,9
371,Martin,Minnesota,11-18-2024,WOAH Non-Poultry,40
372,Martin,Minnesota,11-18-2024,WOAH Non-Poultry,30
373,Union,North Carolina,11-18-2022,WOAH Non-Poultry,50
374,Utah,Utah,11-18-2022,WOAH Non-Poultry,270
375,Fall River,South Dakota,11-17-2023,WOAH Non-Poultry,80
376,Berks,Pennsylvania,11-17-2022,WOAH Non-Poultry,30
377,Broward,Florida,11-17-2022,WOAH Non-Poultry,20
378,Marion,Oregon,11-16-2023,Commercial Broiler Production,123500
379,Benton,Iowa,11-16-2023,WOAH Non-Poultry,90
380,Linn,Oregon,11-16-2023,Commercial Broiler Production,630700
381,Stearns,Minnesota,11-16-2023,Commercial Turkey Meat Bird,43100
382,Duval,Florida,11-16-2023,WOAH Non-Poultry,50
383,Seminole,Florida,11-16-2022,WOAH Poultry,100
384,Hillsborough,Florida,11-16-2022,WOAH Non-Poultry,100
385,Fresno,California,11-16-2022,Commercial Duck Breeder,34700
386,Stanislaus,California,11-15-2024,Commercial Turkey Meat Bird,21500
387,Piute,Utah,11-15-2024,Commercial Turkey Meat Bird,35000
388,Honolulu,Hawaii,11-15-2024,WOAH Non-Poultry,70
389,Edmunds,South Dakota,11-15-2023,Commercial Turkey Breeder Replacement Hens,24500
390,Lamoure,North Dakota,11-15-2023,Commercial Turkey Meat Bird,25100
391,Cass,Michigan,11-15-2023,WOAH Non-Poultry,20
392,Mcintosh,North Dakota,11-15-2023,WOAH Poultry,100
393,Duval,Florida,11-15-2022,WOAH Non-Poultry,30
394,Bledsoe,Tennessee,11-15-2022,Commercial Broiler Breeder,20900
395,Otter Tail,Minnesota,11-15-2022,Commercial Turkey Meat Bird,28200
396,Merced,California,11-14-2024,Commercial Turkey Meat Bird,53200
397,Kings,California,11-14-2024,Commercial Broiler Production,279300
398,Fresno,California,11-14-2024,Commercial Turkey Meat Bird,17500
399,Fresno,California,11-14-2024,Commercial Turkey Meat Bird,39600
400,Kings,California,11-14-2024,Commercial Broiler Production,53300
401,San Joaquin,California,11-14-2024,Commercial Broiler Production,29100
402,Kings,California,11-14-2024,WOAH Non-Poultry,8
403,Weld,Colorado,11-14-2024,WOAH Non-Poultry,80
404,Fresno,California,11-14-2024,Commercial Broiler Production,259000
405,Fresno,California,11-14-2024,Commercial Turkey Meat Bird,17700
406,Cerro Gordo,Iowa,11-14-2023,WOAH Non-Poultry,80
407,Taylor,Iowa,11-14-2023,Commercial Table Egg Layer,1121100
408,Marion,Oregon,11-14-2023,WOAH Non-Poultry,5
409,Jones,Iowa,11-14-2023,WOAH Non-Poultry,20
410,Missoula,Montana,11-14-2023,WOAH Non-Poultry,4
411,Ellis,Texas,11-14-2023,WOAH Non-Poultry,50
412,Kossuth,Iowa,11-14-2023,WOAH Poultry,13000
413,Redwood,Minnesota,11-14-2023,Commercial Turkey Meat Bird,18700
414,Deschutes,Oregon,11-14-2023,WOAH Non-Poultry,30
415,Kandiyohi,Minnesota,11-14-2023,Commercial Turkey Meat Bird,35600
416,Jasper,Missouri,11-14-2023,Commercial Turkey Meat Bird,29300
417,Lowndes,Mississippi,11-14-2022,WOAH Non-Poultry,8
418,Malheur,Oregon,11-13-2024,WOAH Non-Poultry,8
419,Pinal,Arizona,11-13-2024,Commercial Table Egg Layer,829200
420,Montrose,Colorado,11-13-2023,WOAH Non-Poultry,50
421,Bonneville,Idaho,11-13-2023,WOAH Non-Poultry,50
422,Mcintosh,North Dakota,11-13-2023,WOAH Non-Poultry,50
423,Fresno,California,11-12-2024,Commercial Turkey Meat Bird,34800
424,Fresno,California,11-12-2024,Commercial Broiler Production,237700
425,Piute,Utah,11-12-2024,Commercial Turkey Meat Bird,37500
426,Kern,California,11-12-2024,Commercial Table Egg Layer,2155100
427,Missoula,Montana,11-12-2024,WOAH Poultry,280
428,Tulare,California,11-12-2024,WOAH Non-Poultry,120
429,Queens,New York,11-12-2022,Live Bird Market,170
430,Lehigh,Pennsylvania,11-10-2022,Commercial Turkey Breeder Toms,160
431,Lehigh,Pennsylvania,11-10-2022,Commercial Turkey Meat Bird,18500
432,Ward,North Dakota,11-10-2022,WOAH Poultry,20
433,Mountrail,North Dakota,11-10-2022,WOAH Non-Poultry,40
434,Lapeer,Michigan,11-10-2022,WOAH Poultry,990
435,Redwood,Minnesota,11-09-2023,Commercial Turkey Meat Bird,18500
436,Mcpherson,South Dakota,11-09-2023,Commercial Turkey Meat Bird,58400
437,Sweet Grass,Montana,11-09-2023,WOAH Non-Poultry,3
438,Roberts,South Dakota,11-09-2023,Commercial Turkey Meat Bird,51200
439,Wheatland,Montana,11-09-2023,WOAH Poultry,4500
440,Steele,Minnesota,11-09-2023,Commercial Turkey Meat Bird,46900
441,Clark,South Dakota,11-08-2023,Commercial Upland Gamebird Producer,8500
442,Matanuska Susitna,Alaska,11-08-2023,WOAH Non-Poultry,40
443,Kossuth,Iowa,11-08-2023,WOAH Poultry,8200
444,Charles Mix,South Dakota,11-08-2023,Commercial Turkey Meat Bird,74100
445,Utah,Utah,11-08-2023,WOAH Non-Poultry,60
446,Louisa,Iowa,11-08-2022,WOAH Non-Poultry,20
447,Lehigh,Pennsylvania,11-08-2022,Commercial Turkey Meat Bird,17400
448,Snohomish,Washington,11-08-2022,WOAH Non-Poultry,150
449,Lehigh,Pennsylvania,11-08-2022,Commercial Turkey Breeder Hens,7500
450,Snohomish,Washington,11-07-2024,WOAH Non-Poultry,170
451,Stearns,Minnesota,11-07-2023,Commercial Turkey Meat Bird,70900
452,Butler,Ohio,11-07-2022,WOAH Poultry,150
453,Converse,Wyoming,11-07-2022,WOAH Non-Poultry,20
454,Gloucester,Virginia,11-07-2022,WOAH Non-Poultry,80
455,Jefferson,Wisconsin,11-07-2022,Commercial Upland Gamebird Producer,187900
456,Hamilton,Iowa,11-06-2023,Commercial Breeder (Multiple Bird Species),15000
457,Benton,Missouri,11-06-2023,Commercial Broiler Breeder,16600
458,Clay,Iowa,11-06-2023,WOAH Poultry,1700
459,Wright,Iowa,11-06-2022,Commercial Table Egg Layer,1022800
460,Sullivan,New York,11-04-2022,WOAH Non-Poultry,140
461,Dauphin,Pennsylvania,11-04-2022,WOAH Non-Poultry,130
462,Lawrence,Mississippi,11-04-2022,Commercial Broiler Breeder,34400
463,Lehigh,Pennsylvania,11-04-2022,Commercial Turkey Meat Bird,14500
464,Wright,Minnesota,11-03-2023,Commercial Table Egg Layer,940000
465,Clay,Iowa,11-03-2023,WOAH Poultry,7700
466,Clay,Iowa,11-03-2023,WOAH Poultry,8300
467,Mcpherson,South Dakota,11-03-2023,Commercial Turkey Breeder Hens,26800
468,Yavapai,Arizona,11-03-2022,WOAH Non-Poultry,30
469,Lehigh,Pennsylvania,11-03-2022,Commercial Turkey Meat Bird,28500
470,Middlesex,Massachusetts,11-03-2022,WOAH Non-Poultry,20
471,Beaufort,South Carolina,11-03-2022,WOAH Non-Poultry,170
472,Yamhill,Oregon,11-03-2022,WOAH Poultry,150
473,Marathon,Wisconsin,11-03-2022,WOAH Non-Poultry,30
474,San Diego,California,11-03-2022,WOAH Poultry,150
475,Bottineau,North Dakota,11-03-2022,WOAH Poultry,130
476,Broward,Florida,11-03-2022,WOAH Non-Poultry,70
477,Sonoma,California,11-02-2024,WOAH Non-Poultry,30
478,Sacramento,California,11-02-2024,Commercial Turkey Meat Bird,48300
479,Marshall,Alabama,11-02-2023,Commercial Broiler Breeder Pullets,47900
480,Grady,Oklahoma,11-02-2023,WOAH Non-Poultry,120
481,Allegheny,Pennsylvania,11-02-2022,WOAH Non-Poultry,20
482,Waukesha,Wisconsin,11-02-2022,WOAH Non-Poultry,10
483,Bergen,New Jersey,11-02-2022,WOAH Non-Poultry,60
484,Yavapai,Arizona,11-02-2022,WOAH Non-Poultry,50
485,Jackson,Oregon,11-01-2024,WOAH Non-Poultry,60
486,Flathead,Montana,11-01-2024,WOAH Non-Poultry,40
487,Okanogan,Washington,11-01-2024,WOAH Non-Poultry,20
488,Stevens,Washington,11-01-2024,WOAH Non-Poultry,130
489,Buena Vista,Iowa,11-01-2023,Commercial Turkey Meat Bird,30000
490,Deschutes,Oregon,11-01-2022,WOAH Non-Poultry,8
491,Wayne,New York,11-01-2022,WOAH Non-Poultry,10
492,Granite,Montana,11-01-2022,WOAH Poultry,40
493,Gregory,South Dakota,11-01-2022,Commercial Upland Gamebird Producer,3000
494,Stearns,Minnesota,11-01-2022,Commercial Turkey Meat Bird,8500
495,Madison,Arkansas,10-31-2023,Commercial Broiler Breeder Pullets,31600
496,Lincoln,Tennessee,10-31-2023,WOAH Non-Poultry,100
497,Beadle,South Dakota,10-31-2023,Commercial Turkey Meat Bird,29700
498,Wagoner,Oklahoma,10-31-2023,WOAH Non-Poultry,50
499,Meeker,Minnesota,10-31-2023,Commercial Turkey Meat Bird,32100
500,Swift,Minnesota,10-31-2022,Commercial Turkey Meat Bird,45600
501,Wright,Iowa,10-31-2022,Commercial Table Egg Layer,1100000
502,Tipton,Tennessee,10-31-2022,WOAH Non-Poultry,90
503,Kings,California,10-30-2024,Commercial Broiler Production,117200
504,Venango,Pennsylvania,10-30-2024,WOAH Non-Poultry,20
505,Fresno,California,10-30-2024,Commercial Broiler Production,204600
506,Tulare,California,10-29-2024,WOAH Non-Poultry,10
507,Kings,California,10-29-2024,Commercial Broiler Production,104500
508,Kings,California,10-29-2024,Commercial Broiler Production,305500
509,Matanuska Susitna,Alaska,10-28-2023,WOAH Non-Poultry,30
510,Matanuska Susitna,Alaska,10-28-2023,WOAH Non-Poultry,50
511,Hillsborough,Florida,10-28-2022,WOAH Non-Poultry,40
512,Kittitas,Washington,10-27-2023,WOAH Poultry,70
513,Chilton,Alabama,10-27-2023,Commercial Upland Gamebird Producer,306500
514,Le Sueur,Minnesota,10-27-2022,Commercial Turkey Meat Bird,20100
515,Stearns,Minnesota,10-27-2022,Commercial Turkey Meat Bird,75000
516,Merced,California,10-26-2023,Commercial Turkey Meat Bird,31600
517,La Plata,Colorado,10-26-2022,WOAH Non-Poultry,20
518,Pasco,Florida,10-26-2022,WOAH Non-Poultry,40
519,Crook,Oregon,10-25-2024,WOAH Non-Poultry,180
520,Lewis,Washington,10-25-2024,WOAH Non-Poultry,60
521,Pine,Minnesota,10-25-2023,WOAH Non-Poultry,30
522,Clark,South Dakota,10-25-2023,Commercial Turkey Meat Bird,31100
523,Union,Oregon,10-25-2023,WOAH Non-Poultry,30
524,Beadle,South Dakota,10-25-2023,Commercial Turkey Meat Bird,51100
525,Meeker,Minnesota,10-25-2023,Commercial Turkey Meat Bird,33000
526,Brown,Minnesota,10-25-2023,WOAH Non-Poultry,20
527,Hanson,South Dakota,10-25-2023,Commercial Turkey Meat Bird,13400
528,Grant,South Dakota,10-25-2022,WOAH Non-Poultry,50
529,Swift,Minnesota,10-25-2022,Commercial Turkey Meat Bird,33800
530,Martin,Florida,10-25-2022,WOAH Non-Poultry,30
531,Sanpete,Utah,10-25-2022,Commercial Turkey Meat Bird,3900
532,Indian River,Florida,10-25-2022,WOAH Non-Poultry,30
533,Lake,Florida,10-25-2022,WOAH Non-Poultry,9
534,Indian River,Florida,10-25-2022,WOAH Poultry,50
535,Tulare,California,10-24-2024,Commercial Broiler Production,6000
536,Blue Earth,Minnesota,10-24-2023,Commercial Turkey Meat Bird,11900
537,Pocahontas,Iowa,10-24-2023,Commercial Turkey Meat Bird,50000
538,Guthrie,Iowa,10-24-2023,WOAH Non-Poultry,50
539,Kandiyohi,Minnesota,10-24-2023,Commercial Turkey Meat Bird,53700
540,Clackamas,Oregon,10-23-2024,Commercial Table Egg Layer,150000
541,Buena Vista,Iowa,10-23-2023,Commercial Turkey Meat Bird,49100
542,Ocean,New Jersey,10-22-2022,WOAH Non-Poultry,90
543,Southampton,Virginia,10-22-2022,WOAH Non-Poultry,170
544,Cleveland,Oklahoma,10-21-2022,WOAH Non-Poultry,30
545,Itasca,Minnesota,10-21-2022,WOAH Non-Poultry,40
546,Wake,North Carolina,10-21-2022,WOAH Non-Poultry,170
547,Union,Oregon,10-20-2023,WOAH Poultry,100
548,Indian River,Florida,10-20-2022,WOAH Non-Poultry,60
549,Hill,Montana,10-20-2022,WOAH Non-Poultry,60
550,Virginia Beach City,Virginia,10-20-2022,WOAH Non-Poultry,10
551,Okeechobee,Florida,10-20-2022,WOAH Non-Poultry,2
552,Spink,South Dakota,10-20-2022,WOAH Non-Poultry,160
553,Newport,Rhode Island,10-20-2022,WOAH Non-Poultry,60
554,Valley,Idaho,10-20-2022,WOAH Non-Poultry,20
555,Dallas,Iowa,10-20-2022,WOAH Non-Poultry,50
556,Creek,Oklahoma,10-20-2022,WOAH Non-Poultry,50
557,Jefferson,Colorado,10-20-2022,WOAH Poultry,50
558,Park,Montana,10-19-2023,WOAH Non-Poultry,3
559,Becker,Minnesota,10-19-2023,Commercial Breeder Operation,20200
560,Spink,South Dakota,10-19-2023,Commercial Turkey Meat Bird,34000
561,Roberts,South Dakota,10-19-2022,Commercial Breeder Operation,3600
562,Rockwall,Texas,10-19-2022,WOAH Non-Poultry,50
563,Sanpete,Utah,10-19-2022,Commercial Turkey Meat Bird,9400
564,Shawnee,Kansas,10-19-2022,WOAH Poultry,120
565,Blue Earth,Minnesota,10-18-2023,Commercial Turkey Meat Bird,11500
566,Redwood,Minnesota,10-18-2023,Commercial Turkey Meat Bird,8900
567,Traill,North Dakota,10-18-2022,WOAH Non-Poultry,90
568,Indian River,Florida,10-18-2022,WOAH Non-Poultry,300
569,Sanpete,Utah,10-18-2022,Commercial Turkey Meat Bird,100800
570,Osceola,Florida,10-18-2022,WOAH Non-Poultry,20
571,York,Nebraska,10-18-2022,Commercial Upland Gamebird Producer,34900
572,St. Lucie,Florida,10-18-2022,WOAH Non-Poultry,6
573,Jackson,Missouri,10-18-2022,WOAH Non-Poultry,40
574,Kitsap,Washington,10-17-2024,WOAH Non-Poultry,60
575,King,Washington,10-17-2023,WOAH Non-Poultry,10
576,Faulk,South Dakota,10-17-2023,Commercial Turkey Meat Bird,49700
577,Becker,Minnesota,10-17-2023,Commercial Turkey Breeder Toms,2700
578,Mcpherson,South Dakota,10-17-2023,Commercial Turkey Meat Bird,65000
579,Adams,Pennsylvania,10-17-2022,Commercial Turkey Meat Bird,15100
580,Nye,Nevada,10-17-2022,WOAH Poultry,1600
581,Tulare,California,10-16-2024,Commercial Broiler Production,786600
582,Carter,Oklahoma,10-16-2023,WOAH Non-Poultry,80
583,Franklin,Washington,10-15-2024,Commercial Table Egg Layer,839700
584,Cache,Utah,10-15-2024,Commercial Table Egg Layer,1852900
585,Matanuska Susitna,Alaska,10-14-2022,WOAH Poultry,1000
586,Pope,Arkansas,10-14-2022,WOAH Non-Poultry,470
587,Broward,Florida,10-14-2022,WOAH Poultry,300
588,La Plata,Colorado,10-14-2022,WOAH Non-Poultry,40
589,Larimer,Colorado,10-14-2022,WOAH Non-Poultry,20
590,Tulsa,Oklahoma,10-14-2022,WOAH Non-Poultry,30
591,Meeker,Minnesota,10-13-2023,Commercial Turkey Meat Bird,71000
592,Flathead,Montana,10-13-2023,WOAH Non-Poultry,8
593,Golden Valley,North Dakota,10-13-2023,WOAH Non-Poultry,90
594,Saint Croix,Wisconsin,10-13-2022,WOAH Non-Poultry,20
595,Stanislaus,California,10-13-2022,Commercial Turkey Meat Bird,54900
596,Sanpete,Utah,10-13-2022,Commercial Turkey Meat Bird,100000
597,Warren,New Jersey,10-13-2022,WOAH Non-Poultry,6
598,Williams,North Dakota,10-12-2023,WOAH Non-Poultry,10
599,Weld,Colorado,10-12-2023,WOAH Non-Poultry,30
600,Hamlin,South Dakota,10-12-2022,WOAH Non-Poultry,20
601,Genesee,Michigan,10-12-2022,WOAH Non-Poultry,20
602,Weld,Colorado,10-12-2022,WOAH Non-Poultry,40
603,Sanpete,Utah,10-12-2022,Commercial Turkey Meat Bird,52800
604,Beadle,South Dakota,10-12-2022,Commercial Turkey Meat Bird,71400
605,Fremont,Wyoming,10-12-2022,WOAH Non-Poultry,30
606,Meeker,Minnesota,10-11-2023,Commercial Turkey Meat Bird,115000
607,Lapeer,Michigan,10-11-2022,WOAH Poultry,40
608,Logan,Kentucky,10-11-2022,WOAH Non-Poultry,190
609,Broward,Florida,10-11-2022,WOAH Non-Poultry,40
610,Gregory,South Dakota,10-11-2022,Commercial Upland Gamebird Producer,200
611,Martin,Florida,10-11-2022,WOAH Non-Poultry,50
612,Adams,Pennsylvania,10-11-2022,WOAH Poultry,2800
613,Glacier,Montana,10-10-2023,WOAH Poultry,77100
614,Miami-dade,Florida,10-07-2024,Live Bird Sales  (non-slaughter),70
615,Sanpete,Utah,10-07-2022,Commercial Turkey Meat Bird,26700
616,Johnson,Kansas,10-07-2022,WOAH Poultry,6
617,Sanpete,Utah,10-07-2022,Commercial Turkey Meat Bird,38900
618,Lapeer,Michigan,10-07-2022,WOAH Poultry,100
619,Pope,Minnesota,10-07-2022,WOAH Non-Poultry,30
620,Neosho,Kansas,10-07-2022,WOAH Poultry,2000
621,Madison,Arkansas,10-07-2022,Commercial Broiler Breeder Pullets,56000
622,Boulder,Colorado,10-07-2022,WOAH Poultry,600
623,Sanpete,Utah,10-06-2023,Commercial Turkey Meat Bird,134200
624,Sanpete,Utah,10-06-2023,Commercial Turkey Meat Bird,7600
625,Fayette,Kentucky,10-06-2022,WOAH Poultry,150
626,Brule,South Dakota,10-06-2022,Commercial Upland Gamebird Producer,500
627,Hampton City,Virginia,10-06-2022,WOAH Non-Poultry,40
628,Monroe,Pennsylvania,10-05-2022,WOAH Non-Poultry,40
629,New Haven,Connecticut,10-05-2022,WOAH Non-Poultry,50
630,Matanuska Susitna,Alaska,10-05-2022,WOAH Poultry,10
631,Matanuska Susitna,Alaska,10-05-2022,WOAH Non-Poultry,40
632,Berks,Pennsylvania,10-05-2022,WOAH Non-Poultry,10
633,Glacier,Montana,10-05-2022,WOAH Non-Poultry,1100
634,Jerauld,South Dakota,10-04-2023,Commercial Turkey Meat Bird,47300
635,Bernalillo,New Mexico,10-04-2022,WOAH Non-Poultry,40
636,York,Nebraska,10-04-2022,Commercial Upland Gamebird Producer,139500
637,Monterey,California,10-04-2022,Commercial Duck Breeder,15100
638,Box Butte,Nebraska,10-04-2022,WOAH Non-Poultry,100
639,Westmoreland,Pennsylvania,10-04-2022,WOAH Non-Poultry,160
640,Del Norte,California,10-04-2022,WOAH Poultry,43000
641,Canyon,Idaho,10-03-2024,WOAH Poultry,100
642,Canyon,Idaho,10-03-2023,WOAH Non-Poultry,70
643,Calaveras,California,10-03-2022,WOAH Non-Poultry,20
644,Tuscola,Michigan,10-03-2022,WOAH Poultry,140
645,Portage,Ohio,10-03-2022,WOAH Non-Poultry,50
646,Cache,Utah,10-03-2022,WOAH Non-Poultry,320
647,Stanislaus,California,10-03-2022,Commercial Turkey Meat Bird,51000
648,Nelson,North Dakota,09-30-2022,WOAH Non-Poultry,50
649,Douglas,Oregon,09-30-2022,WOAH Non-Poultry,30
650,Sanpete,Utah,09-29-2022,Commercial Turkey Meat Bird,19900
651,Mesa,Colorado,09-29-2022,WOAH Non-Poultry,40
652,Sanpete,Utah,09-29-2022,Commercial Turkey Meat Bird,19300
653,Dunn,Wisconsin,09-29-2022,Commercial Turkey Meat Bird,79500
654,York,Pennsylvania,09-29-2022,Commercial Turkey Meat Bird,25900
655,Lancaster,Pennsylvania,09-29-2022,WOAH Non-Poultry,180
656,Tillamook,Oregon,09-28-2022,WOAH Non-Poultry,10
657,Tillamook,Oregon,09-28-2022,WOAH Non-Poultry,40
658,Sanpete,Utah,09-28-2022,Commercial Turkey Meat Bird,24400
659,Racine,Wisconsin,09-28-2022,Commercial Duck Meat Bird,10000
660,Lincoln,Idaho,09-27-2024,WOAH Poultry,700
661,Sanpete,Utah,09-27-2022,Commercial Turkey Meat Bird,36700
662,Sanpete,Utah,09-27-2022,Commercial Turkey Meat Bird,127200
663,Goodhue,Minnesota,09-27-2022,WOAH Non-Poultry,80
664,Ransom,North Dakota,09-27-2022,Commercial Turkey Meat Bird,69100
665,Kent,Delaware,09-24-2022,WOAH Non-Poultry,30
666,Dallas,Texas,09-24-2022,WOAH Non-Poultry,60
667,Kent,Delaware,09-24-2022,WOAH Non-Poultry,10
668,Mcpherson,South Dakota,09-24-2022,Commercial Turkey Meat Bird,56900
669,Merrimack,New Hampshire,09-23-2022,WOAH Poultry,250
670,Kingsbury,South Dakota,09-22-2022,WOAH Non-Poultry,250
671,Todd,Minnesota,09-22-2022,WOAH Non-Poultry,50
672,Anne Arundel,Maryland,09-22-2022,WOAH Non-Poultry,4
673,Ward,North Dakota,09-22-2022,WOAH Poultry,60
674,Roseau,Minnesota,09-21-2022,Commercial Turkey Meat Bird,116000
675,Gooding,Idaho,09-21-2022,Commercial Upland Gamebird Producer,9000
676,Sanpete,Utah,09-21-2022,Commercial Turkey Meat Bird,11100
677,Otter Tail,Minnesota,09-21-2022,Commercial Turkey Meat Bird,5900
678,Weld,Colorado,09-21-2022,Commercial Table Egg Layer,1150000
679,Washington,Pennsylvania,09-20-2022,WOAH Poultry,1800
680,Clark,South Dakota,09-20-2022,Commercial Turkey Meat Bird,41700
681,Brown,Minnesota,09-20-2022,Commercial Turkey Meat Bird,43000
682,Clark,South Dakota,09-20-2022,Commercial Turkey Meat Bird,23900
683,Sanpete,Utah,09-20-2022,Commercial Turkey Meat Bird,73200
684,Fresno,California,09-20-2022,WOAH Non-Poultry,100
685,Stearns,Minnesota,09-20-2022,Commercial Turkey Meat Bird,64600
686,Dawes,Nebraska,09-19-2022,WOAH Non-Poultry,40
687,Macomb,Michigan,09-19-2022,WOAH Non-Poultry,40
688,Orange,Florida,09-18-2024,Live Bird Market,2500
689,Merced,California,09-18-2024,Commercial Turkey Meat Bird,64800
690,Pierce,Washington,09-16-2022,WOAH Non-Poultry,30
691,Union,New Jersey,09-15-2023,Live Bird Market,520
692,Fresno,California,09-15-2022,Commercial Broiler Breeder,15900
693,Bristol,Massachusetts,09-15-2022,WOAH Non-Poultry,50
694,Obion,Tennessee,09-15-2022,WOAH Poultry,130
695,Teton,Montana,09-15-2022,WOAH Poultry,2800
696,Summit,Ohio,09-15-2022,WOAH Non-Poultry,6
697,Williams,Ohio,09-14-2022,WOAH Non-Poultry,60
698,Otter Tail,Minnesota,09-14-2022,Commercial Turkey Breeder Hens,7900
699,Meeker,Minnesota,09-14-2022,Commercial Turkey Meat Bird,61400
700,Allen,Ohio,09-14-2022,WOAH Non-Poultry,2
701,Isanti,Minnesota,09-14-2022,WOAH Non-Poultry,4
702,Stearns,Minnesota,09-13-2022,Commercial Turkey Meat Bird,69400
703,Freeborn,Minnesota,09-13-2022,WOAH Non-Poultry,320
704,Ingham,Michigan,09-13-2022,WOAH Poultry,20
705,Sanpete,Utah,09-13-2022,Commercial Turkey Meat Bird,5800
706,Brown,Minnesota,09-13-2022,Commercial Turkey Meat Bird,43700
707,Twin Falls,Idaho,09-12-2022,WOAH Non-Poultry,40
708,El Dorado,California,09-09-2022,WOAH Non-Poultry,150
709,Fresno,California,09-09-2022,Commercial Broiler Breeder,23900
710,Becker,Minnesota,09-09-2022,Commercial Turkey Breeder Hens,17100
711,Meeker,Minnesota,09-08-2022,Commercial Turkey Meat Bird,34200
712,Morrison,Minnesota,09-07-2022,Commercial Turkey Meat Bird,50200
713,Ashland,Ohio,09-03-2022,WOAH Non-Poultry,640
714,Defiance,Ohio,09-03-2022,Commercial Table Egg Layer,3748500
715,Washington,Wisconsin,09-02-2022,WOAH Poultry,120
716,Cass,North Dakota,09-01-2022,WOAH Non-Poultry,6
717,Elkhart,Indiana,09-01-2022,WOAH Poultry,260
718,Fresno,California,09-01-2022,Commercial Broiler Breeder,22900
719,Sacramento,California,09-01-2022,WOAH Non-Poultry,20
720,Hennepin,Minnesota,09-01-2022,WOAH Non-Poultry,10
721,Tuolumne,California,09-01-2022,Commercial Turkey Meat Bird,30800
722,Meeker,Minnesota,08-30-2022,Commercial Turkey Meat Bird,52000
723,Meeker,Minnesota,08-30-2022,Commercial Turkey Meat Bird,126400
724,Tuolumne,California,08-30-2022,Commercial Turkey Meat Bird,91000
725,Tuolumne,California,08-30-2022,Commercial Turkey Meat Bird,7400
726,Sacramento,California,08-30-2022,Commercial Turkey Meat Bird,97000
727,Caroline,Virginia,08-29-2022,WOAH Non-Poultry,110
728,Cowlitz,Washington,08-26-2022,WOAH Non-Poultry,20
729,Tuolumne,California,08-26-2022,Commercial Turkey Meat Bird,161700
730,Fresno,California,08-26-2022,Commercial Broiler Breeder,34800
731,Pierce,Washington,08-25-2022,WOAH Non-Poultry,70
732,Weber,Utah,08-24-2022,WOAH Non-Poultry,20
733,Contra Costa,California,08-23-2022,WOAH Non-Poultry,60
734,Henry,Georgia,08-22-2022,WOAH Non-Poultry,80
735,Fresno,California,08-22-2022,Commercial Broiler Breeder,33900
736,Hillsborough,Florida,08-20-2024,Live Bird Market,880
737,Kitsap,Washington,08-19-2022,WOAH Non-Poultry,10
738,Walla Walla,Washington,08-18-2022,WOAH Non-Poultry,2
739,Butte,California,08-16-2022,WOAH Non-Poultry,1100
740,Osceola,Florida,08-16-2022,WOAH Non-Poultry,10
741,Northampton,Pennsylvania,08-11-2022,WOAH Poultry,90
742,Sacramento,California,08-10-2022,WOAH Non-Poultry,40
743,Miami-dade,Florida,08-05-2024,WOAH Poultry,5400
744,Kings,New York,08-03-2023,Live Bird Market,800
745,Bethel,Alaska,08-02-2022,WOAH Non-Poultry,20
746,Kings,New York,07-28-2023,Live Bird Market,490
747,Coos,Oregon,07-28-2022,WOAH Non-Poultry,20
748,Flathead,Montana,07-26-2022,WOAH Non-Poultry,7
749,Jefferson,Washington,07-26-2022,WOAH Non-Poultry,80
750,Sanpete,Utah,07-26-2022,Commercial Turkey Meat Bird,12700
751,Kings,New York,07-25-2023,Live Bird Market,570
752,Hendry,Florida,07-24-2024,WOAH Non-Poultry,5
753,Deschutes,Oregon,07-22-2022,WOAH Non-Poultry,120
754,Deschutes,Oregon,07-22-2022,WOAH Non-Poultry,90
755,Deschutes,Oregon,07-21-2022,WOAH Poultry,60
756,Seminole,Florida,07-21-2022,WOAH Non-Poultry,160
757,Miami-dade,Florida,07-19-2024,Live Bird Market,320
758,Miami-dade,Florida,07-19-2024,Live Bird Market,390
759,Miami-dade,Florida,07-19-2024,Live Bird Market,80
760,Weld,Colorado,07-19-2024,Commercial Table Egg Pullets,300800
761,Snohomish,Washington,07-19-2022,WOAH Poultry,340
762,Sanpete,Utah,07-19-2022,Commercial Turkey Meat Bird,23300
763,Deschutes,Oregon,07-19-2022,WOAH Poultry,100
764,Weld,Colorado,07-16-2024,Commercial Table Egg Layer,1313800
765,Deschutes,Oregon,07-15-2022,WOAH Poultry,60
766,Sanpete,Utah,07-14-2022,Commercial Turkey Meat Bird,15500
767,Deschutes,Oregon,07-12-2022,WOAH Poultry,100
768,Twin Falls,Idaho,07-11-2024,WOAH Non-Poultry,30
769,Kandiyohi,Minnesota,07-09-2024,Commercial Turkey Breeder Toms,4200
770,Kandiyohi,Minnesota,07-09-2024,Commercial Turkey Breeder Hens,21900
771,Renville,Minnesota,07-09-2024,Commercial Turkey Breeder Hens,15400
772,Weld,Colorado,07-08-2024,Commercial Table Egg Layer,1790800
773,Carson City,Nevada,07-07-2022,WOAH Non-Poultry,40
774,Linn,Oregon,07-06-2022,WOAH Non-Poultry,40
775,Jefferson,Washington,07-06-2022,WOAH Non-Poultry,20
776,Kitsap,Washington,07-01-2022,WOAH Non-Poultry,6
777,King,Washington,07-01-2022,WOAH Poultry,220
778,Salt Lake,Utah,07-01-2022,WOAH Non-Poultry,20
779,Cumberland,Maine,06-29-2022,WOAH Non-Poultry,20
780,Yakima,Washington,06-29-2022,WOAH Non-Poultry,6
781,Otter Tail,Minnesota,06-27-2024,Commercial Turkey Meat Bird,67400
782,Morgan,Colorado,06-27-2024,WOAH Non-Poultry,40
783,Swift,Minnesota,06-27-2024,Commercial Turkey Meat Bird,25300
784,Larimer,Colorado,06-26-2024,WOAH Non-Poultry,10
785,Stearns,Minnesota,06-24-2024,WOAH Non-Poultry,310
786,Pierce,Washington,06-24-2022,WOAH Non-Poultry,50
787,King,Washington,06-22-2022,WOAH Non-Poultry,3
788,King,Washington,06-22-2022,WOAH Non-Poultry,9
789,Snohomish,Washington,06-22-2022,WOAH Non-Poultry,200
790,Yakima,Washington,06-22-2022,WOAH Non-Poultry,90
791,Sac,Iowa,06-21-2024,Commercial Turkey Meat Bird,46100
792,Pipestone,Minnesota,06-18-2024,Commercial Turkey Meat Bird,70800
793,Swift,Minnesota,06-18-2024,Commercial Turkey Meat Bird,113600
794,Yakima,Washington,06-14-2022,WOAH Non-Poultry,30
795,Stearns,Minnesota,06-13-2024,Commercial Turkey Meat Bird,32900
796,Salt Lake,Utah,06-13-2022,WOAH Non-Poultry,70
797,Lyon,Minnesota,06-12-2024,Commercial Turkey Meat Bird,89500
798,Jerome,Idaho,06-10-2024,WOAH Non-Poultry,30
799,Snohomish,Washington,06-09-2022,WOAH Non-Poultry,9
800,Snohomish,Washington,06-09-2022,WOAH Non-Poultry,30
801,Allen,Indiana,06-09-2022,WOAH Non-Poultry,40
802,Weld,Colorado,06-09-2022,Commercial Table Egg Pullets,205000
803,Yakima,Washington,06-09-2022,WOAH Non-Poultry,70
804,Polk,Oregon,06-08-2022,WOAH Non-Poultry,90
805,Weld,Colorado,06-07-2022,Commercial Table Egg Layer,1936800
806,King,Washington,06-07-2022,WOAH Poultry,50
807,Allen,Indiana,06-07-2022,WOAH Poultry,110
808,Mchenry,North Dakota,06-06-2022,WOAH Poultry,30
809,Cherokee,Iowa,06-03-2024,Commercial Turkey Meat Bird,100000
810,Berks,Pennsylvania,06-02-2022,Commercial Duck Meat Bird,30100
811,Snohomish,Washington,06-02-2022,WOAH Non-Poultry,30
812,Toombs,Georgia,06-01-2022,WOAH Non-Poultry,490
813,Stearns,Minnesota,05-31-2024,Commercial Turkey Meat Bird,43000
814,Richland,South Carolina,05-31-2024,WOAH Non-Poultry,30
815,Becker,Minnesota,05-31-2022,WOAH Non-Poultry,40
816,Stearns,Minnesota,05-29-2024,Commercial Turkey Meat Bird,32400
817,Sioux,Iowa,05-28-2024,Commercial Table Egg Layer,4287400
818,Snohomish,Washington,05-27-2022,WOAH Non-Poultry,40
819,King,Washington,05-25-2022,WOAH Non-Poultry,20
820,King,Washington,05-24-2022,WOAH Non-Poultry,7
821,Ada,Idaho,05-24-2022,WOAH Non-Poultry,30
822,King,Washington,05-24-2022,WOAH Non-Poultry,180
823,Berks,Pennsylvania,05-23-2022,Commercial Duck Breeder,4700
824,Bayfield,Wisconsin,05-23-2022,WOAH Non-Poultry,40
825,Morrison,Minnesota,05-21-2024,Commercial Turkey Meat Bird,51900
826,Stearns,Minnesota,05-21-2024,Commercial Turkey Breeder Hens,6800
827,Stearns,Minnesota,05-21-2024,Commercial Turkey Meat Bird,17100
828,Meeker,Minnesota,05-21-2024,Commercial Table Egg Layer,1368800
829,Stearns,Minnesota,05-21-2024,Commercial Turkey Meat Bird,7000
830,Dakota,Minnesota,05-21-2022,Commercial Turkey Meat Bird,54400
831,Jerome,Idaho,05-20-2024,WOAH Poultry,80
832,Codington,South Dakota,05-20-2022,WOAH Poultry,80
833,Ada,Idaho,05-20-2022,WOAH Non-Poultry,7
834,Campbell,Wyoming,05-20-2022,WOAH Non-Poultry,30
835,Polk,Minnesota,05-20-2022,WOAH Non-Poultry,50
836,Ada,Idaho,05-19-2022,WOAH Poultry,70
837,Ada,Idaho,05-19-2022,WOAH Non-Poultry,30
838,Jefferson,Colorado,05-19-2022,WOAH Non-Poultry,10
839,Canyon,Idaho,05-19-2022,WOAH Non-Poultry,10
840,Canyon,Idaho,05-19-2022,WOAH Non-Poultry,10
841,Allen,Indiana,05-19-2022,WOAH Non-Poultry,7
842,Rowan,North Carolina,05-18-2023,WOAH Non-Poultry,30
843,Phelps,Missouri,05-18-2023,WOAH Non-Poultry,80
844,Canyon,Idaho,05-18-2022,WOAH Non-Poultry,10
845,Kandiyohi,Minnesota,05-18-2022,Commercial Turkey Breeder Toms,4700
846,Canyon,Idaho,05-18-2022,WOAH Poultry,6
847,Ada,Idaho,05-18-2022,WOAH Non-Poultry,6
848,Clay,Minnesota,05-18-2022,WOAH Non-Poultry,20
849,Berks,Pennsylvania,05-18-2022,Commercial Duck Breeder,7200
850,Canyon,Idaho,05-18-2022,WOAH Poultry,160
851,Canyon,Idaho,05-17-2022,WOAH Poultry,30
852,Thurston,Washington,05-17-2022,WOAH Non-Poultry,410
853,Canyon,Idaho,05-17-2022,WOAH Non-Poultry,50
854,Salt Lake,Utah,05-17-2022,WOAH Non-Poultry,30
855,Canyon,Idaho,05-17-2022,WOAH Poultry,30
856,Monmouth,New Jersey,05-17-2022,WOAH Poultry,60
857,Burke,North Dakota,05-17-2022,WOAH Non-Poultry,50
858,Berks,Pennsylvania,05-17-2022,Commercial Table Egg Layer,79000
859,Boone,Illinois,05-17-2022,WOAH Non-Poultry,20
860,Ada,Idaho,05-17-2022,WOAH Non-Poultry,20
861,Ada,Idaho,05-17-2022,WOAH Poultry,9
862,Lane,Oregon,05-17-2022,WOAH Poultry,450
863,Dunn,Wisconsin,05-16-2022,WOAH Non-Poultry,150
864,Berks,Pennsylvania,05-14-2022,Commercial Table Egg Breeder,83700
865,Lincoln,Wyoming,05-13-2022,WOAH Non-Poultry,40
866,Barron,Wisconsin,05-13-2022,Commercial Turkey Meat Bird,10500
867,Marinette,Wisconsin,05-13-2022,WOAH Non-Poultry,90
868,Sheridan,Wyoming,05-13-2022,WOAH Non-Poultry,20
869,Canyon,Idaho,05-13-2022,WOAH Non-Poultry,9
870,Ada,Idaho,05-13-2022,WOAH Non-Poultry,60
871,Ada,Idaho,05-12-2022,WOAH Non-Poultry,10
872,Okanogan,Washington,05-12-2022,WOAH Non-Poultry,20
873,Whatcom,Washington,05-12-2022,WOAH Non-Poultry,80
874,Chisago,Minnesota,05-12-2022,WOAH Non-Poultry,40
875,Grant,Minnesota,05-12-2022,WOAH Non-Poultry,310
876,Nobles,Minnesota,05-11-2023,WOAH Non-Poultry,100
877,Ada,Idaho,05-11-2022,WOAH Non-Poultry,4
878,Clallam,Washington,05-11-2022,WOAH Non-Poultry,10
879,Chisago,Minnesota,05-11-2022,WOAH Poultry,160
880,Cache,Utah,05-11-2022,WOAH Non-Poultry,20
881,Clallam,Washington,05-11-2022,WOAH Non-Poultry,10
882,Pierce,Washington,05-11-2022,WOAH Non-Poultry,20
883,Ionia,Michigan,05-10-2024,WOAH Non-Poultry,90
884,Jerome,Idaho,05-10-2024,WOAH Non-Poultry,20
885,Jerome,Idaho,05-10-2024,WOAH Poultry,1100
886,Pierce,Washington,05-10-2022,WOAH Non-Poultry,20
887,Berks,Pennsylvania,05-10-2022,Commercial Duck Meat Bird,37300
888,Ada,Idaho,05-10-2022,WOAH Poultry,70
889,Crow Wing,Minnesota,05-10-2022,WOAH Poultry,150
890,Berks,Pennsylvania,05-10-2022,Commercial Duck Breeder,23800
891,Todd,Minnesota,05-10-2022,WOAH Non-Poultry,50
892,Lancaster,Pennsylvania,05-10-2022,Commercial Table Egg Layer,72300
893,Muskegon,Michigan,05-10-2022,Commercial Turkey Meat Bird,35100
894,San Francisco,California,05-09-2024,Live Bird Market,700
895,Canyon,Idaho,05-09-2022,WOAH Poultry,50
896,Barron,Wisconsin,05-07-2022,Commercial Turkey Meat Bird,20100
897,Spokane,Washington,05-07-2022,WOAH Non-Poultry,80
898,Cassia,Idaho,05-06-2024,WOAH Non-Poultry,600
899,Oakland,Michigan,05-06-2022,WOAH Non-Poultry,50
900,Fergus,Montana,05-06-2022,WOAH Non-Poultry,20
901,Anoka,Minnesota,05-06-2022,WOAH Non-Poultry,10
902,Posey,Indiana,05-05-2023,WOAH Non-Poultry,20
903,Pierce,Wisconsin,05-05-2022,WOAH Non-Poultry,30
904,Pacific,Washington,05-05-2022,WOAH Poultry,40
905,Linn,Oregon,05-05-2022,WOAH Non-Poultry,90
906,Carver,Minnesota,05-04-2022,WOAH Non-Poultry,30
907,Day,South Dakota,05-04-2022,WOAH Poultry,80
908,Hamlin,South Dakota,05-04-2022,WOAH Non-Poultry,20
909,Bremer,Iowa,05-04-2022,WOAH Non-Poultry,50
910,Fond Du Lac,Wisconsin,05-03-2022,WOAH Non-Poultry,20
911,Polk,Wisconsin,05-03-2022,WOAH Non-Poultry,120
912,Beadle,South Dakota,05-03-2022,Commercial Turkey Meat Bird,56200
913,Berks,Pennsylvania,05-03-2022,Commercial Duck Breeder,29600
914,Sauk,Wisconsin,05-03-2022,WOAH Non-Poultry,40
915,Berks,Pennsylvania,05-03-2022,Commercial Duck Meat Bird,74300
916,Kane,Illinois,05-03-2022,WOAH Non-Poultry,50
917,Barron,Wisconsin,05-03-2022,Commercial Turkey Meat Bird,19300
918,Chisago,Minnesota,05-03-2022,WOAH Non-Poultry,30
919,Barron,Wisconsin,05-03-2022,Commercial Turkey Meat Bird,46700
920,Lyon,Minnesota,05-03-2022,Commercial Turkey Meat Bird,120300
921,Gratiot,Michigan,05-02-2024,Commercial Turkey Meat Bird,26400
922,Dodge,Minnesota,05-02-2024,Commercial Breeder Operation,14100
923,Clay,Florida,04-30-2024,WOAH Non-Poultry,20
924,Morrison,Minnesota,04-30-2022,WOAH Non-Poultry,50
925,Chisago,Minnesota,04-30-2022,WOAH Non-Poultry,60
926,Sequoyah,Oklahoma,04-30-2022,Commercial Broiler Breeder,13800
927,Chisago,Minnesota,04-30-2022,WOAH Non-Poultry,30
928,Branch,Michigan,04-30-2022,WOAH Non-Poultry,20
929,Washington,Nebraska,04-29-2022,WOAH Non-Poultry,50
930,Lancaster,Pennsylvania,04-29-2022,Commercial Duck Meat Bird,19300
931,Barron,Wisconsin,04-29-2022,WOAH Non-Poultry,150
932,Weld,Colorado,04-29-2022,Commercial Table Egg Layer,1366200
933,Oconto,Wisconsin,04-29-2022,WOAH Non-Poultry,220
934,Matanuska Susitna,Alaska,04-29-2022,WOAH Non-Poultry,30
935,Gallatin,Montana,04-29-2022,WOAH Non-Poultry,20
936,Stearns,Minnesota,04-29-2022,Commercial Turkey Breeder Hens,9600
937,Fergus,Montana,04-29-2022,WOAH Non-Poultry,110
938,Pondera,Montana,04-29-2022,WOAH Non-Poultry,2000
939,Swift,Minnesota,04-28-2022,WOAH Non-Poultry,20
940,Caledonia,Vermont,04-28-2022,WOAH Non-Poultry,30
941,Barron,Wisconsin,04-28-2022,Commercial Turkey Meat Bird,110700
942,Johnson,Indiana,04-28-2022,WOAH Non-Poultry,40
943,Wexford,Michigan,04-28-2022,WOAH Poultry,70
944,Carver,Minnesota,04-28-2022,WOAH Non-Poultry,20
945,Republic,Kansas,04-27-2022,WOAH Poultry,110
946,Lancaster,Pennsylvania,04-27-2022,Commercial Broiler Breeder Pullets,18100
947,Knox,Nebraska,04-27-2022,Commercial Table Egg Layer,2118000
948,Saginaw,Michigan,04-27-2022,WOAH Non-Poultry,80
949,Gratiot,Michigan,04-26-2024,Commercial Turkey Meat Bird,27700
950,Richland,North Dakota,04-26-2022,WOAH Poultry,20
951,Lancaster,Pennsylvania,04-26-2022,Commercial Table Egg Layer,307400
952,Kossuth,Iowa,04-26-2022,WOAH Non-Poultry,4
953,Missoula,Montana,04-26-2022,WOAH Non-Poultry,70
954,Cassia,Idaho,04-25-2024,WOAH Non-Poultry,40
955,Rice,Minnesota,04-25-2022,WOAH Non-Poultry,90
956,Menominee,Michigan,04-25-2022,WOAH Non-Poultry,40
957,Cache,Utah,04-25-2022,Commercial Table Egg Layer,1501200
958,Stearns,Minnesota,04-25-2022,Commercial Turkey Meat Bird,14600
959,Ottawa,Michigan,04-24-2024,Commercial Turkey Meat Bird,104000
960,Routt,Colorado,04-24-2023,WOAH Non-Poultry,20
961,Polk,Wisconsin,04-23-2022,WOAH Non-Poultry,40
962,Lancaster,Pennsylvania,04-22-2022,Commercial Broiler Production,50300
963,Yellow Medicine,Minnesota,04-22-2022,Commercial Turkey Meat Bird,49500
964,Otter Tail,Minnesota,04-22-2022,Commercial Turkey Meat Bird,27300
965,Swift,Minnesota,04-22-2022,Commercial Turkey Meat Bird,127400
966,Renville,North Dakota,04-21-2022,WOAH Non-Poultry,70
967,Todd,Minnesota,04-21-2022,Commercial Turkey Meat Bird,19700
968,Todd,Minnesota,04-21-2022,Commercial Turkey Meat Bird,37000
969,Morrison,Minnesota,04-21-2022,Commercial Turkey Meat Bird,40900
970,Bremer,Iowa,04-21-2022,Commercial Turkey Meat Bird,29200
971,Richland,North Dakota,04-21-2022,Commercial Turkey Meat Bird,27500
972,Elkhart,Indiana,04-20-2022,Commercial Duck Meat Bird,6600
973,Stearns,Minnesota,04-20-2022,Commercial Turkey Meat Bird,72000
974,Todd,Minnesota,04-20-2022,Commercial Turkey Meat Bird,30100
975,Glacier,Montana,04-20-2022,WOAH Poultry,54200
976,Stearns,Minnesota,04-20-2022,Commercial Turkey Meat Bird,62800
977,Madison,Idaho,04-20-2022,WOAH Poultry,200
978,Lancaster,Pennsylvania,04-20-2022,Commercial Table Egg Layer,1127700
979,Todd,Minnesota,04-20-2022,Commercial Turkey Meat Bird,30300
980,Lancaster,Pennsylvania,04-20-2022,Commercial Table Egg Layer,879400
981,Beadle,South Dakota,04-19-2023,Commercial Turkey Meat Bird,75800
982,Dickey,North Dakota,04-19-2023,Commercial Turkey Meat Bird,58500
983,Gooding,Idaho,04-19-2022,WOAH Non-Poultry,80
984,Montrose,Colorado,04-19-2022,Commercial Broiler Breeder,58000
985,Meeker,Minnesota,04-19-2022,Commercial Turkey Meat Bird,53000
986,Swift,Minnesota,04-19-2022,Commercial Turkey Meat Bird,31600
987,Morrison,Minnesota,04-19-2022,Commercial Turkey Meat Bird,17600
988,La Plata,Colorado,04-19-2022,WOAH Poultry,40
989,Kandiyohi,Minnesota,04-19-2022,Commercial Turkey Meat Bird,35700
990,Morrison,Minnesota,04-19-2022,Commercial Turkey Meat Bird,58100
991,Stutsman,North Dakota,04-19-2022,WOAH Poultry,20
992,Kandiyohi,Minnesota,04-19-2022,Commercial Turkey Meat Bird,38700
993,Morrison,Minnesota,04-19-2022,Commercial Turkey Meat Bird,47700
994,Otter Tail,Minnesota,04-19-2022,Commercial Turkey Meat Bird,29700
995,Kings,New York,04-18-2023,Live Bird Market,1400
996,Roosevelt,New Mexico,04-17-2024,Commercial Breeder (Multiple Bird Species),51800
997,Newaygo,Michigan,04-17-2024,Commercial Turkey Meat Bird,67200
998,Bonneville,Idaho,04-17-2023,WOAH Non-Poultry,40
999,Putnam,New York,04-17-2023,WOAH Poultry,110
1000,Moffat,Colorado,04-17-2023,WOAH Non-Poultry,80
1001,Ionia,Michigan,04-16-2024,Commercial Table Egg Layer,2422700
1002,Menominee,Michigan,04-16-2022,WOAH Non-Poultry,30
1003,Roosevelt,New Mexico,04-15-2024,Commercial Breeder (Multiple Bird Species),15900
1004,Miami-dade,Florida,04-15-2024,Live Bird Market,90
1005,Macomb,Michigan,04-15-2022,WOAH Non-Poultry,40
1006,Livingston,Michigan,04-15-2022,WOAH Non-Poultry,20
1007,Polk,Wisconsin,04-15-2022,Commercial Turkey Meat Bird,22000
1008,Utah,Utah,04-15-2022,WOAH Non-Poultry,7
1009,Lancaster,Pennsylvania,04-15-2022,Commercial Table Egg Layer,1380500
1010,Queens,New York,04-14-2025,Live Bird Market,0
1011,Darke,Ohio,04-14-2025,Commercial Table Egg Layer,292000
1012,Sheridan,Nebraska,04-14-2023,WOAH Non-Poultry,10
1013,Rosebud,Montana,04-14-2023,WOAH Non-Poultry,0
1014,Gooding,Idaho,04-14-2022,WOAH Poultry,20
1015,Caribou,Idaho,04-14-2022,WOAH Non-Poultry,7
1016,Blue Earth,Minnesota,04-14-2022,Commercial Turkey Meat Bird,26400
1017,Columbia,Wisconsin,04-14-2022,WOAH Non-Poultry,70
1018,Meeker,Minnesota,04-14-2022,Commercial Turkey Meat Bird,73200
1019,Sheboygan,Wisconsin,04-14-2022,WOAH Non-Poultry,20
1020,Elkhart,Indiana,04-14-2022,Commercial Duck Breeder,6400
1021,Lamoure,North Dakota,04-14-2022,WOAH Non-Poultry,10
1022,Waseca,Minnesota,04-13-2022,Commercial Turkey Meat Bird,20300
1023,Barnes,North Dakota,04-13-2022,WOAH Poultry,90
1024,Otter Tail,Minnesota,04-13-2022,Commercial Turkey Meat Bird,35700
1025,Deuel,South Dakota,04-13-2022,Commercial Upland Gamebird Producer,1400
1026,Benton,Minnesota,04-13-2022,WOAH Non-Poultry,7
1027,Menominee,Michigan,04-13-2022,WOAH Poultry,350
1028,Mcpherson,Kansas,04-13-2022,Commercial Turkey Breeder Hens,6900
1029,Blue Earth,Minnesota,04-13-2022,Commercial Turkey Meat Bird,22700
1030,Roosevelt,New Mexico,04-12-2024,Commercial Breeder (Multiple Bird Species),61500
1031,Pueblo,Colorado,04-12-2023,WOAH Non-Poultry,30
1032,Putnam,New York,04-12-2023,WOAH Poultry,200
1033,Modoc,California,04-12-2023,WOAH Non-Poultry,60
1034,Morrison,Minnesota,04-12-2022,Commercial Turkey Meat Bird,37600
1035,Dixon,Nebraska,04-12-2022,Commercial Table Egg Layer,1746900
1036,Morrison,Minnesota,04-12-2022,Commercial Broiler Production,42900
1037,Kandiyohi,Minnesota,04-12-2022,Commercial Turkey Meat Bird,37100
1038,Sheridan,North Dakota,04-12-2022,WOAH Non-Poultry,30
1039,Toole,Montana,04-12-2022,WOAH Non-Poultry,20
1040,Benton,Minnesota,04-12-2022,WOAH Non-Poultry,130
1041,Morrison,Minnesota,04-12-2022,Commercial Table Egg Layer,216200
1042,Barron,Wisconsin,04-12-2022,Commercial Turkey Meat Bird,46500
1043,Wayne,North Carolina,04-12-2022,Commercial Broiler Production,89700
1044,Yellow Medicine,Minnesota,04-12-2022,Commercial Turkey Meat Bird,44800
1045,Jefferson,New York,04-11-2025,WOAH Non-Poultry,0
1046,Queens,New York,04-11-2025,Live Bird Market,0
1047,Hardin,Iowa,04-11-2025,WOAH Non-Poultry,250
1048,Meeker,Minnesota,04-11-2024,Commercial Turkey Meat Bird,68500
1049,Menominee,Michigan,04-11-2022,WOAH Non-Poultry,70
1050,Grant,Kansas,04-10-2024,WOAH Poultry,17700
1051,Mitchell,Kansas,04-10-2023,WOAH Non-Poultry,30
1052,Roosevelt,New Mexico,04-09-2025,WOAH Non-Poultry,9
1053,Ionia,Michigan,04-09-2024,Commercial Table Egg Layer,2147500
1054,Swift,Minnesota,04-09-2022,Commercial Turkey Meat Bird,130900
1055,Le Sueur,Minnesota,04-09-2022,Commercial Turkey Meat Bird,37800
1056,Stearns,Minnesota,04-09-2022,Commercial Turkey Meat Bird,26100
1057,Yankton,South Dakota,04-09-2022,Commercial Turkey Meat Bird,76100
1058,Queens,New York,04-08-2025,Live Bird Market,0
1059,Curry,New Mexico,04-08-2025,WOAH Poultry,200
1060,Beadle,South Dakota,04-08-2025,Commercial Turkey Meat Bird,33400
1061,Edmunds,South Dakota,04-08-2022,Commercial Turkey Meat Bird,36400
1062,Stutsman,North Dakota,04-08-2022,WOAH Poultry,40
1063,Elkhart,Indiana,04-08-2022,Commercial Duck Breeder,4700
1064,Pitkin,Colorado,04-08-2022,WOAH Poultry,30
1065,Clark,South Dakota,04-08-2022,Commercial Turkey Meat Bird,38700
1066,Renville,Minnesota,04-08-2022,Commercial Turkey Meat Bird,76400
1067,Otter Tail,Minnesota,04-08-2022,Commercial Turkey Meat Bird,29900
1068,Sheboygan,Wisconsin,04-07-2025,WOAH Poultry,38900
1069,Queens,New York,04-07-2025,Live Bird Market,300
1070,Cascade,Montana,04-07-2022,WOAH Poultry,22000
1071,Wayne,North Carolina,04-07-2022,Commercial Turkey Meat Bird,18500
1072,Racine,Wisconsin,04-07-2022,WOAH Poultry,220
1073,Judith Basin,Montana,04-07-2022,WOAH Non-Poultry,20
1074,Kandiyohi,Minnesota,04-07-2022,Commercial Turkey Breeder Hens,20800
1075,Fulton,New York,04-06-2022,WOAH Non-Poultry,4
1076,Park,Wyoming,04-06-2022,WOAH Non-Poultry,100
1077,Dade,Missouri,04-06-2022,Commercial Turkey Meat Bird,14000
1078,Waseca,Minnesota,04-06-2022,Commercial Turkey Meat Bird,17900
1079,Wayne,North Carolina,04-06-2022,Commercial Broiler Production,65600
1080,Wayne,North Carolina,04-06-2022,Commercial Broiler Production,216000
1081,Mcpherson,South Dakota,04-06-2022,Commercial Turkey Meat Bird,45900
1082,Queens,New York,04-05-2023,Live Bird Market,1300
1083,Big Stone,Minnesota,04-05-2022,Commercial Turkey Meat Bird,49500
1084,Morrison,Minnesota,04-05-2022,Commercial Turkey Meat Bird,26200
1085,Wayne,North Carolina,04-05-2022,Commercial Turkey Meat Bird,14200
1086,Spink,South Dakota,04-05-2022,Commercial Turkey Meat Bird,26300
1087,Faulk,South Dakota,04-05-2022,Commercial Turkey Meat Bird,48000
1088,Hardin,Iowa,04-05-2022,Commercial Turkey Meat Bird,46000
1089,Waseca,Minnesota,04-05-2022,Commercial Turkey Meat Bird,25500
1090,Stearns,Minnesota,04-05-2022,Commercial Turkey Meat Bird,40800
1091,Morrison,Minnesota,04-05-2022,Commercial Turkey Meat Bird,105300
1092,Meeker,Minnesota,04-05-2022,Commercial Turkey Meat Bird,128500
1093,Beadle,South Dakota,04-05-2022,Commercial Turkey Meat Bird,55600
1094,Lawrence,Missouri,04-05-2022,Commercial Turkey Meat Bird,27600
1095,Scotts Bluff,Nebraska,04-05-2022,WOAH Non-Poultry,30
1096,Cass,North Dakota,04-05-2022,WOAH Non-Poultry,110
1097,Clark,South Dakota,04-05-2022,Commercial Turkey Meat Bird,24000
1098,Orleans,New York,04-05-2022,WOAH Poultry,30
1099,Sheridan,Wyoming,04-05-2022,WOAH Non-Poultry,50
1100,Waldo,Maine,04-05-2022,WOAH Non-Poultry,50
1101,Larimer,Colorado,04-04-2025,WOAH Non-Poultry,20
1102,Mcpherson,South Dakota,04-04-2022,Commercial Turkey Meat Bird,61000
1103,Hamilton,Iowa,04-04-2022,Commercial Turkey Poult Supplier,8100
1104,Becker,Minnesota,04-04-2022,Commercial Turkey Meat Bird,44700
1105,Lamoure,North Dakota,04-04-2022,Commercial Turkey Meat Bird,50900
1106,Kandiyohi,Minnesota,04-04-2022,Commercial Turkey Breeder Hens,20400
1107,Morrison,Minnesota,04-04-2022,Commercial Turkey Meat Bird,32400
1108,Kandiyohi,Minnesota,04-04-2022,Commercial Turkey Meat Bird,38500
1109,Kandiyohi,Minnesota,04-04-2022,Commercial Turkey Breeder Hens,48500
1110,Le Sueur,Minnesota,04-03-2023,WOAH Non-Poultry,100
1111,Dodge,Minnesota,04-03-2022,Commercial Turkey Meat Bird,20000
1112,Le Sueur,Minnesota,04-03-2022,Commercial Turkey Meat Bird,19600
1113,Erath,Texas,04-03-2022,Commercial Upland Gamebird Producer,1700
1114,Queens,New York,04-02-2025,Live Bird Market,40
1115,Ionia,Michigan,04-02-2024,Commercial Table Egg Layer,1928500
1116,Parmer,Texas,04-02-2024,Commercial Table Egg Layer,1894100
1117,Johnston,North Carolina,04-02-2022,Commercial Turkey Meat Bird,18900
1118,Lake,South Dakota,04-02-2022,Commercial Turkey Meat Bird,59000
1119,Humboldt,Iowa,04-02-2022,Commercial Table Egg Breeder,15300
1120,Sac,Iowa,04-02-2022,Commercial Turkey Meat Bird,37200
1121,Spink,South Dakota,04-02-2022,Commercial Turkey Meat Bird,41800
1122,Johnston,North Carolina,04-02-2022,Commercial Turkey Meat Bird,9500
1123,Stearns,Minnesota,04-02-2022,Commercial Turkey Meat Bird,27600
1124,Lamoure,North Dakota,04-02-2022,Commercial Turkey Meat Bird,27400
1125,Wayne,North Carolina,04-02-2022,Commercial Turkey Meat Bird,16900
1126,Delaware,New York,04-01-2025,WOAH Non-Poultry,60
1127,Dickey,North Dakota,04-01-2022,Commercial Turkey Meat Bird,60700
1128,Fremont,Wyoming,04-01-2022,WOAH Non-Poultry,50
1129,Charles Mix,South Dakota,04-01-2022,Commercial Turkey Meat Bird,81500
1130,Jasper,Missouri,04-01-2022,Commercial Turkey Meat Bird,35300
1131,Rock,Wisconsin,04-01-2022,WOAH Non-Poultry,20
1132,Edmunds,South Dakota,04-01-2022,Commercial Turkey Breeder Replacement Hens,30600
1133,Stearns,Minnesota,03-31-2022,WOAH Non-Poultry,150
1134,Osceola,Iowa,03-31-2022,Commercial Table Egg Layer,5011700
1135,Morrison,Minnesota,03-31-2022,Commercial Turkey Meat Bird,52600
1136,Dickey,North Dakota,03-31-2022,WOAH Poultry,30
1137,Cherokee,Iowa,03-31-2022,Commercial Turkey Meat Bird,88000
1138,Carroll,Illinois,03-31-2022,WOAH Non-Poultry,40
1139,Mcpherson,South Dakota,03-31-2022,Commercial Turkey Breeder Hens,26000
1140,Umatilla,Oregon,03-30-2023,WOAH Non-Poultry,50
1141,Lincoln,Maine,03-30-2022,WOAH Non-Poultry,3
1142,Brule,South Dakota,03-30-2022,Commercial Turkey Meat Bird,55100
1143,Park,Wyoming,03-30-2022,WOAH Non-Poultry,40
1144,Buena Vista,Iowa,03-30-2022,Commercial Turkey Meat Bird,35600
1145,Edmunds,South Dakota,03-29-2022,Commercial Turkey Breeder Hens,21900
1146,Bon Homme,South Dakota,03-29-2022,Commercial Turkey Meat Bird,48200
1147,Kandiyohi,Minnesota,03-29-2022,Commercial Turkey Meat Bird,39500
1148,Spink,South Dakota,03-29-2022,Commercial Turkey Meat Bird,45900
1149,Kidder,North Dakota,03-29-2022,WOAH Poultry,30
1150,Johnson,Wyoming,03-29-2022,WOAH Non-Poultry,40
1151,Lac Qui Parle,Minnesota,03-29-2022,Commercial Turkey Meat Bird,22500
1152,Monroe,New York,03-29-2022,WOAH Poultry,400
1153,Franklin,Ohio,03-29-2022,WOAH Non-Poultry,8
1154,Berkshire,Massachusetts,03-29-2022,WOAH Non-Poultry,260
1155,Johnston,North Carolina,03-29-2022,Commercial Turkey Meat Bird,32100
1156,Knox,Maine,03-29-2022,WOAH Non-Poultry,40
1157,Montgomery,Maryland,03-28-2025,WOAH Non-Poultry,10
1158,Kosciusko,Indiana,03-28-2025,Commercial Table Egg Pullets,21600
1159,Guilford,North Carolina,03-28-2024,WOAH Non-Poultry,80
1160,Yuma,Colorado,03-28-2023,WOAH Poultry,310
1161,Guthrie,Iowa,03-28-2022,Commercial Table Egg Layer,1460000
1162,Hamilton,Iowa,03-28-2022,Commercial Turkey Meat Bird,25800
1163,Lancaster,Pennsylvania,03-27-2025,WOAH Poultry,160
1164,Queens,New York,03-27-2025,Live Bird Market,270
1165,Clark,South Dakota,03-27-2022,Commercial Turkey Meat Bird,43100
1166,Mcpherson,South Dakota,03-27-2022,Commercial Turkey Meat Bird,43900
1167,Hutchinson,South Dakota,03-27-2022,Commercial Turkey Meat Bird,39200
1168,Queens,New York,03-26-2025,Live Bird Market,1100
1169,Stearns,Minnesota,03-26-2022,Commercial Turkey Meat Bird,23500
1170,Mower,Minnesota,03-26-2022,WOAH Non-Poultry,20
1171,Meeker,Minnesota,03-26-2022,Commercial Turkey Meat Bird,287500
1172,Gentry,Missouri,03-26-2022,WOAH Non-Poultry,140
1173,Holt,Nebraska,03-26-2022,WOAH Non-Poultry,50
1174,Bon Homme,South Dakota,03-26-2022,WOAH Non-Poultry,230
1175,Washington,Maine,03-26-2022,WOAH Non-Poultry,20
1176,Miami-dade,Florida,03-25-2025,WOAH Non-Poultry,4
1177,Hutchinson,South Dakota,03-25-2022,Commercial Turkey Meat Bird,45800
1178,Suffolk,New York,03-25-2022,WOAH Poultry,290
1179,Franklin,Iowa,03-25-2022,Commercial Table Egg Pullets,250200
1180,Mitchell,Kansas,03-25-2022,WOAH Non-Poultry,20
1181,Ingham,Michigan,03-24-2025,WOAH Non-Poultry,20
1182,Ellsworth,Kansas,03-24-2023,WOAH Non-Poultry,50
1183,Arapahoe,Colorado,03-24-2023,WOAH Non-Poultry,10
1184,Butler,Nebraska,03-24-2022,Commercial Broiler Production,418500
1185,Macomb,Michigan,03-24-2022,WOAH Non-Poultry,70
1186,Buena Vista,Iowa,03-24-2022,Commercial Turkey Meat Bird,53800
1187,Jerauld,South Dakota,03-24-2022,Commercial Turkey Meat Bird,44000
1188,Lapeer,Michigan,03-23-2023,WOAH Poultry,950
1189,Kingsbury,South Dakota,03-23-2022,Commercial Table Egg Layer,120300
1190,Beadle,South Dakota,03-23-2022,Commercial Turkey Meat Bird,49900
1191,Suffolk,New York,03-23-2022,Commercial Upland Gamebird Producer,8500
1192,Edmunds,South Dakota,03-23-2022,Commercial Turkey Breeder Hens,30800
1193,Klamath,Oregon,03-22-2023,WOAH Non-Poultry,30
1194,Spink,South Dakota,03-22-2023,Commercial Upland Gamebird Producer,570
1195,Queens,New York,03-22-2023,Live Bird Market,140
1196,Tompkins,New York,03-22-2023,WOAH Poultry,6500
1197,Hale,Texas,03-22-2023,WOAH Non-Poultry,20
1198,Cumberland,Maine,03-22-2022,WOAH Poultry,250
1199,Beadle,South Dakota,03-22-2022,Commercial Turkey Meat Bird,29400
1200,Hanson,South Dakota,03-22-2022,Commercial Turkey Meat Bird,94600
1201,Charles Mix,South Dakota,03-22-2022,Commercial Turkey Meat Bird,53800
1202,Butler,Nebraska,03-22-2022,Commercial Broiler Production,570000
1203,Franklin,Pennsylvania,03-21-2025,Commercial Turkey Meat Bird,13400
1204,Cass,Missouri,03-21-2025,WOAH Non-Poultry,10
1205,Dutchess,New York,03-21-2025,WOAH Non-Poultry,40
1206,Hillsborough,Florida,03-21-2023,Live Bird Market,340
1207,Washington,New York,03-21-2023,WOAH Non-Poultry,50
1208,Onondaga,New York,03-20-2025,Live Bird Market,470
1209,Reno,Kansas,03-20-2025,WOAH Non-Poultry,50
1210,Valencia,New Mexico,03-20-2025,WOAH Non-Poultry,80
1211,Crawford,Illinois,03-20-2025,Commercial Turkey Meat Bird,18300
1212,Atlantic,New Jersey,03-20-2025,WOAH Poultry,100
1213,Deaf Smith,Texas,03-20-2024,WOAH Non-Poultry,50
1214,Warren,Iowa,03-20-2022,WOAH Non-Poultry,10
1215,Hutchinson,South Dakota,03-20-2022,Commercial Turkey Meat Bird,50400
1216,Gallatin,Montana,03-19-2025,WOAH Non-Poultry,30
1217,Bond,Illinois,03-19-2025,WOAH Non-Poultry,8
1218,Knox,Maine,03-19-2022,WOAH Non-Poultry,20
1219,York,Maine,03-19-2022,WOAH Non-Poultry,70
1220,Butler,Kansas,03-18-2025,WOAH Non-Poultry,70
1221,Jay,Indiana,03-18-2025,Commercial Table Egg Pullets,1340200
1222,Adams,Indiana,03-18-2025,Commercial Duck Breeder,3400
1223,Knox,Maine,03-18-2024,WOAH Non-Poultry,40
1224,Cecil,Maryland,03-18-2022,Commercial Table Egg Pullets,315400
1225,Dickinson,Kansas,03-18-2022,WOAH Poultry,250
1226,Kingsbury,South Dakota,03-18-2022,Commercial Turkey Meat Bird,39200
1227,Hanson,South Dakota,03-18-2022,Commercial Turkey Meat Bird,20200
1228,Buena Vista,Iowa,03-17-2025,Commercial Table Egg Pullets,400000
1229,Woodward,Oklahoma,03-17-2025,WOAH Non-Poultry,110
1230,Lancaster,Pennsylvania,03-17-2023,WOAH Poultry,2500
1231,Sedgwick,Kansas,03-17-2022,WOAH Non-Poultry,6
1232,Lincoln,Maine,03-17-2022,WOAH Non-Poultry,30
1233,Kent,Delaware,03-17-2022,Commercial Broiler Production,147800
1234,Buena Vista,Iowa,03-17-2022,Commercial Table Egg Layer,5347500
1235,Monroe,Mississippi,03-16-2023,WOAH Non-Poultry,30
1236,Lancaster,Pennsylvania,03-16-2023,WOAH Poultry,2400
1237,Maries,Missouri,03-16-2023,WOAH Non-Poultry,10
1238,Chester,Pennsylvania,03-16-2023,Commercial Turkey Meat Bird,11800
1239,Lancaster,Pennsylvania,03-16-2023,WOAH Poultry,1600
1240,Rockingham,New Hampshire,03-16-2022,WOAH Non-Poultry,150
1241,Mifflin,Pennsylvania,03-15-2023,WOAH Non-Poultry,60
1242,Chickasaw,Iowa,03-15-2023,WOAH Non-Poultry,50
1243,Merrick,Nebraska,03-15-2022,WOAH Non-Poultry,90
1244,Ralls,Missouri,03-15-2022,WOAH Non-Poultry,100
1245,Klamath,Oregon,03-14-2024,WOAH Non-Poultry,10
1246,Lancaster,Pennsylvania,03-14-2023,WOAH Poultry,3000
1247,Eaton,Michigan,03-14-2023,WOAH Non-Poultry,20
1248,Lancaster,Pennsylvania,03-14-2023,WOAH Poultry,2400
1249,Lancaster,Pennsylvania,03-14-2023,WOAH Poultry,3000
1250,Lancaster,Pennsylvania,03-14-2023,WOAH Poultry,2400
1251,Lancaster,Pennsylvania,03-14-2023,WOAH Poultry,3900
1252,Jefferson,Wisconsin,03-14-2022,Commercial Table Egg Layer,2750700
1253,York,Maine,03-14-2022,WOAH Non-Poultry,180
1254,Lawrence,Illinois,03-13-2025,Commercial Turkey Meat Bird,15400
1255,Lehigh,Pennsylvania,03-13-2025,Live Bird Market,350
1256,Salem,New Jersey,03-13-2025,WOAH Non-Poultry,5
1257,Anne Arundel,Maryland,03-13-2025,WOAH Non-Poultry,7
1258,Lancaster,Pennsylvania,03-13-2023,WOAH Poultry,6000
1259,Noxubee,Mississippi,03-12-2025,Commercial Broiler Breeder,47700
1260,Hudson,New Jersey,03-12-2025,Live Bird Market,370
1261,Philadelphia,Pennsylvania,03-12-2025,Live Bird Market,420
1262,Hudson,New Jersey,03-12-2025,Live Bird Market,760
1263,Mercer,New Jersey,03-12-2025,Live Bird Market,370
1264,Grady,Oklahoma,03-12-2025,WOAH Non-Poultry,30
1265,Hutchinson,South Dakota,03-12-2024,Commercial Turkey Meat Bird,31200
1266,Lincoln,Maine,03-12-2022,WOAH Non-Poultry,100
1267,Charles Mix,South Dakota,03-12-2022,Commercial Turkey Meat Bird,37500
1268,Dawson,Nebraska,03-11-2025,WOAH Non-Poultry,20
1269,Dallas,Iowa,03-11-2025,WOAH Non-Poultry,100
1270,Rensselaer,New York,03-11-2025,WOAH Non-Poultry,50
1271,Moore,Texas,03-11-2024,WOAH Non-Poultry,280
1272,Clay,Minnesota,03-11-2024,WOAH Non-Poultry,80
1273,Mclean,Illinois,03-11-2022,WOAH Non-Poultry,40
1274,Franklin,Kansas,03-11-2022,WOAH Poultry,260
1275,Queens,New York,03-10-2025,Live Bird Market,1100
1276,Kings,New York,03-10-2025,Live Bird Market,0
1277,Weld,Colorado,03-10-2025,WOAH Non-Poultry,20
1278,Montgomery,Indiana,03-10-2025,WOAH Non-Poultry,20
1279,Taylor,Iowa,03-10-2022,Commercial Table Egg Layer,915900
1280,Cecil,Maryland,03-10-2022,Commercial Table Egg Layer,663400
1281,Lawrence,Missouri,03-09-2022,Commercial Turkey Breeder Replacement Hens,37800
1282,New Castle,Delaware,03-08-2022,Commercial Table Egg Pullets,243900
1283,Jasper,Missouri,03-08-2022,Commercial Turkey Meat Bird,25000
1284,Queen Anne's,Maryland,03-08-2022,Commercial Broiler Production,139300
1285,Bronx,New York,03-07-2025,Live Bird Market,1000
1286,Russell,Kansas,03-07-2025,WOAH Non-Poultry,20
1287,Richmond,New York,03-07-2025,Live Bird Market,450
1288,Adams,Indiana,03-07-2025,Commercial Duck Breeder,3200
1289,Lancaster,Pennsylvania,03-07-2025,WOAH Poultry,6500
1290,Essex,Massachusetts,03-07-2024,WOAH Poultry,70
1291,Rockingham,Virginia,03-07-2023,WOAH Non-Poultry,250
1292,Mercer,Ohio,03-06-2025,Commercial Turkey Meat Bird,22100
1293,Monroe,Michigan,03-06-2025,WOAH Non-Poultry,40
1294,Mercer,Ohio,03-06-2025,Commercial Turkey Meat Bird,9500
1295,Kings,New York,03-06-2025,Live Bird Market,70
1296,Lancaster,Pennsylvania,03-06-2023,WOAH Poultry,6000
1297,Lancaster,Pennsylvania,03-06-2023,WOAH Poultry,1800
1298,Lancaster,Pennsylvania,03-06-2023,WOAH Poultry,310
1299,Bingham,Idaho,03-06-2023,WOAH Non-Poultry,10
1300,Bucks,Pennsylvania,03-06-2023,WOAH Poultry,1700
1301,Buena Vista,Iowa,03-06-2022,Commercial Turkey Meat Bird,49800
1302,Charles Mix,South Dakota,03-05-2022,Commercial Turkey Meat Bird,44100
1303,Multnomah,Oregon,03-04-2025,WOAH Non-Poultry,40
1304,Will,Illinois,03-04-2025,WOAH Non-Poultry,50
1305,Jay,Indiana,03-04-2025,Commercial Table Egg Layer,187200
1306,Lancaster,Pennsylvania,03-04-2023,Commercial Turkey Meat Bird,19600
1307,Lancaster,Pennsylvania,03-04-2023,Commercial Duck Breeder,11300
1308,Lancaster,Pennsylvania,03-04-2023,Commercial Turkey Meat Bird,26600
1309,Chester,Pennsylvania,03-04-2023,WOAH Poultry,6900
1310,Northumberland,Pennsylvania,03-04-2023,WOAH Poultry,680
1311,Stoddard,Missouri,03-04-2022,Commercial Broiler Production,294800
1312,Bates,Missouri,03-04-2022,WOAH Non-Poultry,50
1313,Cecil,Maryland,03-04-2022,Commercial Table Egg Layer,644000
1314,Queens,New York,03-03-2025,Live Bird Market,150
1315,Queens,New York,03-03-2025,Live Bird Market,0
1316,Douglas,Nevada,03-03-2023,WOAH Non-Poultry,20
1317,Chester,Pennsylvania,03-03-2023,WOAH Poultry,5200
1318,Dubois,Indiana,03-02-2022,Commercial Turkey Meat Bird,16500
1319,New London,Connecticut,03-01-2022,WOAH Non-Poultry,160
1320,Pottawattamie,Iowa,03-01-2022,WOAH Non-Poultry,40
1321,Bernalillo,New Mexico,02-28-2025,WOAH Non-Poultry,50
1322,Hot Springs,Wyoming,02-28-2025,WOAH Non-Poultry,10
1323,Portage,Ohio,02-28-2025,WOAH Non-Poultry,40
1324,Dare,North Carolina,02-28-2025,WOAH Non-Poultry,20
1325,Suffolk,New York,02-28-2025,WOAH Non-Poultry,3
1326,Miami-dade,Florida,02-28-2023,Live Bird Market,510
1327,Collier,Florida,02-27-2025,WOAH Non-Poultry,30
1328,Miami-dade,Florida,02-27-2025,WOAH Poultry,120
1329,Stevens,Minnesota,02-27-2024,WOAH Non-Poultry,20
1330,Mahoning,Ohio,02-27-2024,WOAH Non-Poultry,140
1331,Lancaster,Pennsylvania,02-27-2023,WOAH Poultry,4400
1332,Cumberland,Maine,02-26-2025,WOAH Non-Poultry,30
1333,Dukes,Massachusetts,02-26-2025,WOAH Non-Poultry,50
1334,Westchester,New York,02-26-2025,WOAH Non-Poultry,100
1335,Monroe,New York,02-26-2024,WOAH Non-Poultry,20
1336,Elkhart,Indiana,02-25-2025,Commercial Duck Breeder,1800
1337,Jay,Indiana,02-25-2025,Commercial Turkey Meat Bird,18600
1338,Mercer,Ohio,02-25-2025,Commercial Table Egg Layer,90000
1339,Union,Indiana,02-25-2025,WOAH Non-Poultry,40
1340,Jay,Indiana,02-25-2025,Commercial Turkey Meat Bird,16500
1341,Jasper,Indiana,02-25-2025,WOAH Non-Poultry,90
1342,Lagrange,Indiana,02-25-2025,Commercial Duck Breeder,3800
1343,Monroe,Michigan,02-25-2025,WOAH Non-Poultry,10
1344,Philadelphia,Pennsylvania,02-24-2025,Live Bird Market,1100
1345,Wayne,Illinois,02-24-2023,Commercial Turkey Meat Bird,18200
1346,Lancaster,Pennsylvania,02-24-2023,WOAH Poultry,4000
1347,Chester,Pennsylvania,02-24-2023,WOAH Poultry,3400
1348,Dutchess,New York,02-24-2022,WOAH Non-Poultry,200
1349,Ulster,New York,02-24-2022,WOAH Non-Poultry,70
1350,Dubois,Indiana,02-24-2022,Commercial Turkey Meat Bird,36000
1351,Allen,Indiana,02-23-2024,WOAH Non-Poultry,50
1352,Dallas,Missouri,02-23-2024,WOAH Poultry,20300
1353,Onondaga,New York,02-23-2024,WOAH Non-Poultry,10
1354,Lancaster,Pennsylvania,02-23-2023,WOAH Poultry,2000
1355,Alexandria City,Virginia,02-23-2023,Live Bird Market,800
1356,Moffat,Colorado,02-23-2023,WOAH Non-Poultry,40
1357,Greene,Indiana,02-23-2022,Commercial Turkey Meat Bird,15400
1358,Kalamazoo,Michigan,02-23-2022,WOAH Non-Poultry,30
1359,Knox,Maine,02-23-2022,WOAH Non-Poultry,100
1360,Greene,Indiana,02-23-2022,Commercial Turkey Meat Bird,48200
1361,Union,New Jersey,02-22-2025,Live Bird Market,830
1362,Charles,Maryland,02-22-2024,WOAH Non-Poultry,30
1363,Lancaster,Pennsylvania,02-22-2023,WOAH Poultry,4200
1364,New Castle,Delaware,02-22-2022,Commercial Table Egg Layer,1046900
1365,Mercer,Ohio,02-21-2025,WOAH Poultry,55900
1366,Washington,Indiana,02-21-2025,Commercial Turkey Meat Bird,19400
1367,Mercer,Ohio,02-21-2025,Commercial Table Egg Layer,84800
1368,Delaware,New York,02-21-2025,WOAH Non-Poultry,240
1369,Elkhart,Indiana,02-21-2025,Commercial Duck Meat Bird,4200
1370,Darke,Ohio,02-21-2025,Commercial Table Egg Layer,3090400
1371,Broward,Florida,02-21-2025,WOAH Non-Poultry,10
1372,Franklin,Ohio,02-21-2024,WOAH Non-Poultry,10
1373,Dallas,Missouri,02-21-2024,Commercial Turkey Meat Bird,12300
1374,Dallas,Missouri,02-21-2024,Commercial Turkey Meat Bird,28500
1375,Dallas,Missouri,02-21-2024,Commercial Turkey Meat Bird,31000
1376,Lancaster,Pennsylvania,02-21-2023,Commercial Broiler Production,97700
1377,Lincoln,Nebraska,02-21-2023,WOAH Poultry,420
1378,Sac,Iowa,02-20-2025,Commercial Turkey Meat Bird,29700
1379,Luzerne,Pennsylvania,02-20-2025,WOAH Non-Poultry,90
1380,Cumberland,Maine,02-20-2025,WOAH Non-Poultry,80
1381,Butler,Pennsylvania,02-20-2025,WOAH Non-Poultry,610
1382,Duplin,North Carolina,02-20-2024,Commercial Turkey Meat Bird,20900
1383,Graham,Arizona,02-19-2025,WOAH Non-Poultry,280
1384,Knox,Maine,02-19-2022,WOAH Non-Poultry,30
1385,Stark,Ohio,02-18-2025,WOAH Non-Poultry,30
1386,Mercer,Ohio,02-18-2025,Commercial Turkey Meat Bird,10600
1387,Churchill,Nevada,02-18-2025,WOAH Non-Poultry,20
1388,Darke,Ohio,02-18-2025,Commercial Table Egg Layer,164900
1389,Suffolk,New York,02-18-2022,WOAH Non-Poultry,8
1390,San Joaquin,California,02-17-2023,WOAH Non-Poultry,160
1391,Tioga,Pennsylvania,02-17-2023,WOAH Non-Poultry,50
1392,Copiah,Mississippi,02-17-2023,WOAH Poultry,50
1393,Kanawha,West Virginia,02-16-2024,WOAH Non-Poultry,250
1394,Dubois,Indiana,02-16-2022,Commercial Turkey Meat Bird,26600
1395,Columbia,New York,02-15-2023,WOAH Poultry,250
1396,Webster,Kentucky,02-15-2022,Commercial Turkey Meat Bird,53300
1397,Buena Vista,Iowa,02-14-2025,Commercial Turkey Meat Bird,26700
1398,Mercer,Ohio,02-14-2025,Commercial Turkey Meat Bird,16700
1399,Darke,Ohio,02-14-2025,Commercial Turkey Meat Bird,20100
1400,Washington,Indiana,02-14-2025,Commercial Turkey Meat Bird,14100
1401,Randolph,Indiana,02-14-2025,WOAH Non-Poultry,70
1402,Jay,Indiana,02-14-2025,Commercial Table Egg Layer,1224800
1403,Saunders,Nebraska,02-14-2025,WOAH Non-Poultry,50
1404,Jay,Indiana,02-14-2025,Commercial Table Egg Layer,1454600
1405,Benton,Washington,02-14-2023,WOAH Non-Poultry,60
1406,Hillsborough,Florida,02-14-2023,WOAH Non-Poultry,10
1407,Mercer,Ohio,02-13-2025,Commercial Table Egg Layer,125800
1408,Auglaize,Ohio,02-13-2025,Commercial Table Egg Layer,210600
1409,Monroe,Michigan,02-13-2025,WOAH Non-Poultry,30
1410,Riverside,California,02-13-2025,WOAH Poultry,11400
1411,Sussex,Delaware,02-13-2025,WOAH Non-Poultry,30
1412,Carroll,Missouri,02-13-2023,WOAH Non-Poultry,9
1413,Doniphan,Kansas,02-13-2023,WOAH Non-Poultry,30
1414,Lawrence,Missouri,02-12-2025,Commercial Turkey Breeder Hens,13000
1415,Crow Wing,Minnesota,02-12-2025,WOAH Non-Poultry,160
1416,Lancaster,Pennsylvania,02-12-2025,WOAH Poultry,600
1417,Weld,Colorado,02-12-2025,WOAH Non-Poultry,20
1418,Merced,California,02-12-2025,Commercial Broiler Production,280600
1419,Weld,Colorado,02-12-2025,WOAH Poultry,150
1420,Mercer,Ohio,02-12-2025,Commercial Table Egg Layer,131000
1421,Platte,Wyoming,02-12-2025,WOAH Non-Poultry,0
1422,Schuylkill,Pennsylvania,02-12-2024,WOAH Non-Poultry,30
1423,Twin Falls,Idaho,02-12-2024,WOAH Non-Poultry,20
1424,Fauquier,Virginia,02-12-2022,WOAH Non-Poultry,90
1425,Fulton,Kentucky,02-12-2022,Commercial Broiler Production,231400
1426,Madison,New York,02-11-2025,WOAH Non-Poultry,20
1427,Jay,Indiana,02-11-2025,Commercial Table Egg Layer,912000
1428,Cumberland,Pennsylvania,02-11-2025,Commercial Duck Meat Bird,20000
1429,Yankton,South Dakota,02-11-2025,WOAH Non-Poultry,50
1430,Mercer,Ohio,02-11-2025,Commercial Table Egg Pullets,20000
1431,Lancaster,Pennsylvania,02-11-2025,Commercial Broiler Production,80000
1432,Lawrence,Missouri,02-10-2025,Commercial Turkey Breeder Hens,14100
1433,Mercer,Ohio,02-10-2025,Commercial Turkey Meat Bird,20100
1434,Mason,Washington,02-10-2025,WOAH Non-Poultry,7
1435,Lenoir,North Carolina,02-09-2024,Commercial Turkey Meat Bird,32400
1436,Owyhee,Idaho,02-08-2024,WOAH Non-Poultry,9
1437,Delta,Colorado,02-08-2024,Commercial Broiler Breeder,66500
1438,Miami-dade,Florida,02-08-2024,Live Bird Market,1500
1439,Mitchell,Kansas,02-08-2023,Commercial Upland Gamebird Producer,17000
1440,Lancaster,Pennsylvania,02-08-2023,WOAH Poultry,20300
1441,Dubois,Indiana,02-08-2022,Commercial Turkey Meat Bird,29000
1442,Lebanon,Pennsylvania,02-07-2025,Commercial Broiler Production,53500
1443,Calcasieu,Louisiana,02-07-2025,WOAH Non-Poultry,10
1444,Mercer,Ohio,02-07-2025,Commercial Table Egg Layer,96300
1445,Mercer,Ohio,02-07-2025,Commercial Table Egg Layer,388900
1446,Mercer,Ohio,02-07-2025,Commercial Turkey Meat Bird,4100
1447,Lancaster,Pennsylvania,02-07-2025,WOAH Poultry,610
1448,Leake,Mississippi,02-07-2023,Commercial Broiler Production,89800
1449,Allegheny,Pennsylvania,02-07-2023,WOAH Non-Poultry,20
1450,Lawrence,Missouri,02-06-2025,Commercial Turkey Meat Bird,9500
1451,Lebanon,Pennsylvania,02-06-2025,Commercial Table Egg Layer,84100
1452,Mercer,Ohio,02-06-2025,Commercial Table Egg Layer,232600
1453,Darke,Ohio,02-06-2025,Commercial Table Egg Layer,522200
1454,Newton,Missouri,02-06-2025,Commercial Broiler Production,44400
1455,Lancaster,Pennsylvania,02-06-2025,Commercial Duck Meat Bird,12100
1456,Lancaster,Pennsylvania,02-06-2025,WOAH Poultry,14900
1457,New London,Connecticut,02-06-2025,WOAH Non-Poultry,20
1458,Queens,New York,02-06-2025,Live Bird Market,200
1459,Mercer,Ohio,02-06-2025,Commercial Turkey Meat Bird,10100
1460,Bronx,New York,02-06-2025,Live Bird Market,0
1461,Mercer,Ohio,02-06-2025,Commercial Turkey Meat Bird,19900
1462,Wayne,Pennsylvania,02-06-2024,WOAH Non-Poultry,360
1463,Essex,Massachusetts,02-06-2024,WOAH Non-Poultry,20
1464,Gage,Nebraska,02-06-2024,Commercial Broiler Production,102000
1465,Placer,California,02-06-2023,WOAH Non-Poultry,30
1466,Merced,California,02-06-2023,Commercial Duck Breeder,29100
1467,San Joaquin,California,02-06-2023,WOAH Non-Poultry,8
1468,Park,Wyoming,02-06-2023,WOAH Non-Poultry,10
1469,Hancock,Maine,02-06-2023,WOAH Non-Poultry,30
1470,Kennebec,Maine,02-06-2023,WOAH Non-Poultry,40
1471,Mercer,Ohio,02-05-2025,Commercial Turkey Meat Bird,8900
1472,Stanislaus,California,02-05-2025,Commercial Turkey Meat Bird,30200
1473,Auglaize,Ohio,02-05-2025,Commercial Turkey Meat Bird,11000
1474,Kings,New York,02-05-2025,Live Bird Market,0
1475,Cumberland,Pennsylvania,02-05-2025,Commercial Broiler Production,26400
1476,Larimer,Colorado,02-05-2025,WOAH Non-Poultry,10
1477,Mercer,Ohio,02-05-2025,Commercial Table Egg Layer,174600
1478,Queens,New York,02-05-2025,Live Bird Market,520
1479,Pinal,Arizona,02-05-2025,WOAH Non-Poultry,30
1480,Mercer,Ohio,02-04-2025,Commercial Table Egg Layer,96700
1481,Worcester,Maryland,02-04-2025,Commercial Broiler Production,168300
1482,Darke,Ohio,02-04-2025,Commercial Turkey Meat Bird,5400
1483,Alpena,Michigan,02-04-2025,WOAH Non-Poultry,8
1484,Mercer,Ohio,02-04-2025,Commercial Table Egg Pullets,88300
1485,Mercer,Ohio,02-04-2025,Commercial Turkey Meat Bird,3500
1486,Harvey,Kansas,02-04-2025,WOAH Non-Poultry,50
1487,Dauphin,Pennsylvania,02-04-2025,Commercial Table Egg Layer,1975300
1488,Newton,Missouri,02-04-2025,Commercial Turkey Meat Bird,13600
1489,Bronx,New York,02-04-2025,Live Bird Market,100
1490,Lawrence,Missouri,02-04-2025,Commercial Turkey Breeder Replacement Hens,14300
1491,Queens,New York,02-04-2025,Live Bird Market,420
1492,Mercer,Ohio,02-04-2025,Commercial Turkey Meat Bird,11600
1493,Jasper,Missouri,02-04-2025,Commercial Turkey Meat Bird,49500
1494,Adams,Pennsylvania,02-04-2025,WOAH Non-Poultry,30
1495,Mercer,Ohio,02-04-2025,Commercial Turkey Meat Bird,12200
1496,Klamath,Oregon,02-03-2025,WOAH Non-Poultry,10
1497,San Joaquin,California,02-03-2025,Commercial Turkey Meat Bird,22200
1498,O'brien,Iowa,02-02-2025,Commercial Table Egg Layer,241600
1499,Lancaster,Pennsylvania,02-01-2023,Commercial Duck Meat Bird,32800
1500,Lancaster,Pennsylvania,02-01-2023,WOAH Poultry,2700
1501,Mercer,Ohio,01-31-2025,Commercial Turkey Meat Bird,22000
1502,Darke,Ohio,01-31-2025,Commercial Turkey Meat Bird,11700
1503,Mercer,Ohio,01-31-2025,Commercial Table Egg Layer,748800
1504,Montgomery,Maryland,01-31-2025,WOAH Non-Poultry,10
1505,Barry,Missouri,01-31-2025,Commercial Turkey Meat Bird,34000
1506,Virginia Beach City,Virginia,01-31-2025,WOAH Non-Poultry,210
1507,Mcdonald,Missouri,01-31-2025,Commercial Broiler Production,131400
1508,Placer,California,01-31-2024,WOAH Non-Poultry,20
1509,Van Wert,Ohio,01-30-2025,Commercial Turkey Meat Bird,21400
1510,Jerome,Idaho,01-30-2025,WOAH Non-Poultry,10
1511,Mercer,Ohio,01-30-2025,Commercial Turkey Meat Bird,11200
1512,Broward,Florida,01-30-2025,WOAH Non-Poultry,70
1513,Nance,Nebraska,01-30-2025,WOAH Non-Poultry,70
1514,Mercer,Ohio,01-30-2025,Commercial Turkey Meat Bird,4600
1515,Mercer,Ohio,01-30-2025,Commercial Table Egg Layer,437100
1516,Mcdonald,Missouri,01-30-2025,Commercial Turkey Meat Bird,11700
1517,Mercer,Ohio,01-30-2025,Commercial Turkey Meat Bird,8700
1518,Darke,Ohio,01-30-2025,Commercial Table Egg Layer,150700
1519,Monroe,Pennsylvania,01-30-2025,WOAH Non-Poultry,30
1520,Mercer,Ohio,01-30-2025,Commercial Turkey Meat Bird,21700
1521,Darke,Ohio,01-29-2025,Commercial Turkey Meat Bird,9700
1522,Mercer,Ohio,01-29-2025,Commercial Turkey Meat Bird,20100
1523,Newton,Missouri,01-29-2025,Commercial Turkey Meat Bird,19000
1524,San Mateo,California,01-29-2025,WOAH Non-Poultry,4
1525,Mercer,Ohio,01-29-2025,Commercial Turkey Meat Bird,9000
1526,Madera,California,01-29-2025,Commercial Duck Meat Bird,18600
1527,Darke,Ohio,01-29-2025,Commercial Table Egg Layer,1356300
1528,Merced,California,01-29-2025,Commercial Duck Meat Bird,87800
1529,Jackson,Indiana,01-28-2025,Commercial Table Egg Layer,2633900
1530,Shelby,Indiana,01-28-2025,WOAH Non-Poultry,60
1531,Kent,Delaware,01-28-2025,Commercial Broiler Production,145800
1532,Newton,Missouri,01-28-2025,Commercial Turkey Meat Bird,14300
1533,Sampson,North Carolina,01-28-2025,Commercial Turkey Breeder Hens,24100
1534,Lehigh,Pennsylvania,01-28-2025,WOAH Poultry,48000
1535,Mcdonald,Missouri,01-28-2025,Commercial Broiler Breeder,18300
1536,Adams,Indiana,01-27-2025,Commercial Turkey Meat Bird,19900
1537,Mercer,Ohio,01-27-2025,Commercial Duck Meat Bird,12600
1538,Ulster,New York,01-27-2025,WOAH Non-Poultry,60
1539,Mercer,Ohio,01-27-2025,Commercial Turkey Meat Bird,12600
1540,Mercer,Ohio,01-27-2025,Commercial Turkey Meat Bird,5100
1541,Kearney,Nebraska,01-27-2025,WOAH Non-Poultry,90
1542,Pinal,Arizona,01-27-2025,Commercial Table Egg Layer,316600
1543,Sampson,North Carolina,01-27-2025,Commercial Turkey Breeder Replacement Hens,1900
1544,Mercer,Ohio,01-27-2025,Commercial Turkey Meat Bird,9300
1545,Hancock,Maine,01-27-2023,WOAH Non-Poultry,40
1546,De Soto,Florida,01-26-2024,WOAH Non-Poultry,660
1547,Kennebec,Maine,01-25-2024,WOAH Non-Poultry,40
1548,Daviess,Indiana,01-25-2024,Commercial Turkey Meat Bird,13100
1549,Suffolk,New York,01-25-2023,WOAH Non-Poultry,10
1550,Buena Vista,Iowa,01-25-2023,Commercial Turkey Meat Bird,27700
1551,Polk,Oregon,01-25-2023,WOAH Non-Poultry,20
1552,Rowan,North Carolina,01-25-2023,WOAH Non-Poultry,2
1553,Rockingham,Virginia,01-25-2023,Commercial Turkey Meat Bird,11100
1554,Plymouth,Massachusetts,01-24-2025,WOAH Non-Poultry,30
1555,Mercer,Ohio,01-24-2025,Commercial Turkey Meat Bird,18500
1556,Mcdonald,Missouri,01-24-2025,Primary Broiler Breeder Pedigree Farm,650
1557,Mercer,Ohio,01-24-2025,Commercial Turkey Meat Bird,19600
1558,Orange,Florida,01-24-2025,WOAH Non-Poultry,1
1559,Newton,Missouri,01-24-2025,Commercial Table Egg Layer,1149400
1560,Darke,Ohio,01-24-2025,Commercial Table Egg Layer,1818000
1561,Windsor,Vermont,01-24-2025,WOAH Non-Poultry,20
1562,Mercer,Ohio,01-24-2025,Commercial Turkey Meat Bird,9500
1563,Franklin,Washington,01-24-2025,Commercial Table Egg Layer,307800
1564,Allen,Indiana,01-24-2025,WOAH Poultry,26100
1565,Darke,Ohio,01-24-2025,Commercial Turkey Meat Bird,22300
1566,Cleveland,Arkansas,01-24-2025,Commercial Broiler Breeder,19500
1567,Mercer,Ohio,01-24-2025,Commercial Turkey Meat Bird,5100
1568,Washington,Rhode Island,01-24-2025,WOAH Non-Poultry,50
1569,New Haven,Connecticut,01-24-2025,WOAH Non-Poultry,30
1570,Wadena,Minnesota,01-24-2025,Commercial Turkey Meat Bird,296300
1571,Putnam,New York,01-23-2025,WOAH Non-Poultry,60
1572,Mercer,Ohio,01-23-2025,Commercial Table Egg Layer,85000
1573,Mercer,Ohio,01-23-2025,Commercial Table Egg Layer,1468900
1574,Yolo,California,01-23-2025,WOAH Non-Poultry,6
1575,Darke,Ohio,01-23-2025,Commercial Table Egg Pullets,349200
1576,Mercer,Ohio,01-23-2025,Commercial Turkey Meat Bird,11200
1577,Edmunds,South Dakota,01-23-2024,Commercial Upland Gamebird Producer,22200
1578,Belknap,New Hampshire,01-23-2023,WOAH Non-Poultry,40
1579,Lawrence,Missouri,01-22-2025,Commercial Turkey Meat Bird,52400
1580,Newton,Missouri,01-22-2025,Commercial Turkey Meat Bird,21300
1581,Cook,Illinois,01-22-2025,WOAH Poultry,500
1582,Jasper,Missouri,01-22-2025,Commercial Turkey Meat Bird,49400
1583,Dorchester,Maryland,01-22-2025,Commercial Broiler Production,144000
1584,Newton,Missouri,01-22-2025,Commercial Turkey Meat Bird,23000
1585,Cleveland,Arkansas,01-22-2025,Commercial Broiler Production,106900
1586,Mitchell,Kansas,01-22-2024,Commercial Upland Gamebird Producer,5800
1587,Orangeburg,South Carolina,01-22-2024,WOAH Non-Poultry,40
1588,Umatilla,Oregon,01-21-2025,WOAH Non-Poultry,50
1589,Elbert,Georgia,01-21-2025,Commercial Broiler Production,130400
1590,Caroline,Maryland,01-21-2025,Commercial Broiler Production,108400
1591,Accomack,Virginia,01-21-2025,Commercial Broiler Production,441000
1592,Newton,Missouri,01-21-2025,Commercial Table Egg Layer,1175800
1593,Larimer,Colorado,01-20-2023,WOAH Non-Poultry,70
1594,Weakley,Tennessee,01-20-2023,Commercial Broiler Production,267800
1595,Rockingham,Virginia,01-19-2023,Commercial Turkey Meat Bird,25300
1596,El Dorado,California,01-19-2023,WOAH Non-Poultry,20
1597,Snohomish,Washington,01-19-2023,WOAH Non-Poultry,20
1598,Merced,California,01-18-2024,Commercial Table Egg Pullets,285600
1599,Licking,Ohio,01-18-2023,WOAH Non-Poultry,30
1600,Lampasas,Texas,01-18-2023,WOAH Poultry,70
1601,Darke,Ohio,01-17-2025,Commercial Table Egg Layer,103200
1602,Suffolk,New York,01-17-2025,Commercial Duck Meat Bird,101000
1603,Elbert,Georgia,01-17-2025,Commercial Broiler Breeder,45500
1604,Jay,Indiana,01-17-2025,Commercial Turkey Meat Bird,18800
1605,Darke,Ohio,01-17-2025,Commercial Table Egg Pullets,200000
1606,Horry,South Carolina,01-17-2024,WOAH Non-Poultry,190
1607,Mitchell,Kansas,01-17-2023,Commercial Upland Gamebird Producer,6900
1608,Jay,Indiana,01-16-2025,Commercial Table Egg Layer,353300
1609,Riverside,California,01-16-2025,Commercial Table Egg Pullets,208200
1610,Queen Anne's,Maryland,01-16-2025,Commercial Broiler Production,146900
1611,Mercer,Ohio,01-16-2025,Commercial Table Egg Layer,1432000
1612,Greene,Tennessee,01-16-2025,WOAH Non-Poultry,30
1613,Wayne,Michigan,01-16-2025,WOAH Non-Poultry,120
1614,Dakota,Minnesota,01-16-2025,Commercial Turkey Meat Bird,79900
1615,Barnstable,Massachusetts,01-16-2024,WOAH Non-Poultry,150
1616,Cascade,Montana,01-16-2024,WOAH Non-Poultry,50
1617,Mitchell,Kansas,01-16-2024,WOAH Poultry,220
1618,Spink,South Dakota,01-16-2024,Commercial Raised for Release Upland Game Bird,1900
1619,Owyhee,Idaho,01-15-2025,WOAH Non-Poultry,30
1620,Mercer,Ohio,01-15-2025,Commercial Turkey Meat Bird,10400
1621,Darke,Ohio,01-15-2025,Commercial Turkey Meat Bird,15800
1622,Darke,Ohio,01-15-2025,Commercial Turkey Meat Bird,5300
1623,Darke,Ohio,01-15-2025,Commercial Turkey Meat Bird,5300
1624,New London,Connecticut,01-15-2025,WOAH Non-Poultry,20
1625,Caroline,Maryland,01-14-2025,Commercial Broiler Production,228300
1626,Hillsborough,Florida,01-14-2025,Live Bird Market,280
1627,Darke,Ohio,01-14-2025,Commercial Turkey Meat Bird,9900
1628,Orange,Florida,01-14-2025,Live Bird Market,1300
1629,Mercer,Ohio,01-14-2025,Commercial Turkey Meat Bird,4500
1630,Newton,Missouri,01-14-2025,Commercial Table Egg Layer,1585100
1631,Culebra,Puerto Rico,01-13-2025,WOAH Poultry,380
1632,Phillips,Kansas,01-13-2025,WOAH Non-Poultry,60
1633,Tehama,California,01-12-2023,WOAH Poultry,23700
1634,Mitchell,Kansas,01-11-2024,Commercial Raised for Release Upland Game Bird,1400
1635,Douglas,Oregon,01-11-2023,WOAH Non-Poultry,1
1636,Gregory,South Dakota,01-10-2025,WOAH Non-Poultry,90
1637,Sherburne,Minnesota,01-10-2024,WOAH Non-Poultry,10
1638,Mitchell,Kansas,01-10-2024,Commercial Upland Gamebird Producer,32000
1639,Mitchell,Kansas,01-10-2024,Commercial Upland Gamebird Producer,3700
1640,York,Maine,01-10-2024,WOAH Non-Poultry,60
1641,Cascade,Montana,01-10-2023,WOAH Non-Poultry,10
1642,Darke,Ohio,01-09-2025,Commercial Turkey Meat Bird,21100
1643,Kent,Delaware,01-09-2025,Commercial Broiler Production,194800
1644,Union,Oregon,01-09-2025,WOAH Poultry,380
1645,Burnet,Texas,01-09-2025,WOAH Non-Poultry,10
1646,Brazoria,Texas,01-09-2025,WOAH Non-Poultry,90
1647,Clayton,Georgia,01-09-2025,WOAH Non-Poultry,10
1648,Canyon,Idaho,01-09-2025,WOAH Non-Poultry,50
1649,Oakland,Michigan,01-09-2025,WOAH Non-Poultry,100
1650,San Joaquin,California,01-09-2023,WOAH Non-Poultry,10
1651,Sonoma,California,01-09-2023,WOAH Non-Poultry,6
1652,Sonoma,California,01-09-2023,WOAH Non-Poultry,20
1653,Scotts Bluff,Nebraska,01-09-2023,WOAH Non-Poultry,7
1654,Darke,Ohio,01-08-2025,Commercial Table Egg Layer,245300
1655,Perry,Missouri,01-08-2025,WOAH Non-Poultry,20
1656,Merced,California,01-08-2024,WOAH Non-Poultry,30
1657,Sacramento,California,01-08-2024,WOAH Non-Poultry,30
1658,Arapahoe,Colorado,01-08-2024,WOAH Non-Poultry,20
1659,Jay,Indiana,01-07-2025,Commercial Turkey Meat Bird,20300
1660,Clinton,Iowa,01-07-2025,WOAH Non-Poultry,40
1661,Hanson,South Dakota,01-07-2025,WOAH Non-Poultry,50
1662,Hyde,North Carolina,01-07-2025,Commercial Table Egg Layer,3314900
1663,Palm Beach,Florida,01-07-2025,WOAH Non-Poultry,4
1664,Olmsted,Minnesota,01-06-2025,WOAH Non-Poultry,120
1665,Thurston,Washington,01-06-2023,WOAH Non-Poultry,120
1666,Weld,Colorado,01-06-2023,WOAH Non-Poultry,40
1667,Washburn,Wisconsin,01-05-2024,Commercial Turkey Meat Bird,41000
1668,Codington,South Dakota,01-05-2023,WOAH Poultry,140
1669,Ottawa,Michigan,01-04-2025,Commercial Turkey Meat Bird,47000
1670,Kent,Delaware,01-04-2025,Commercial Broiler Production,125000
1671,Ottawa,Michigan,01-04-2025,Commercial Turkey Meat Bird,55200
1672,Rice,Kansas,01-04-2024,Commercial Table Egg Pullets,240000
1673,Johnson,Missouri,01-04-2023,WOAH Non-Poultry,30
1674,Josephine,Oregon,01-04-2023,WOAH Non-Poultry,30
1675,Anderson,Kansas,01-04-2023,Commercial Upland Gamebird Producer,8900
1676,Butte,California,01-03-2025,Commercial Raised for Release Upland Game Bird,38700
1677,Sharp,Arkansas,01-03-2025,WOAH Non-Poultry,20
1678,Stanislaus,California,01-03-2025,Commercial Broiler Production,236100
1679,Canyon,Idaho,01-03-2025,WOAH Non-Poultry,20
1680,Canyon,Idaho,01-03-2025,WOAH Non-Poultry,20
1681,Canyon,Idaho,01-03-2025,WOAH Non-Poultry,70
1682,Pocahontas,West Virginia,01-03-2025,WOAH Poultry,9
1683,Canyon,Idaho,01-03-2025,WOAH Non-Poultry,20
1684,Merced,California,01-03-2024,Commercial Broiler Production,534800
1685,Sonoma,California,01-03-2024,Commercial Broiler Production,77900
1686,Merced,California,01-03-2024,Commercial Table Egg Layer,764300
1687,Stanislaus,California,01-02-2025,Commercial Table Egg Layer,75200
