,County,State,Outbreak Date,Flock Type,Flock Size
0,Jackson,Michigan,12-31-2024,WOAH Non-Poultry,9
1,Ottawa,Michigan,12-31-2024,Commercial Turkey Meat Bird,29400
2,Miner,South Dakota,12-31-2024,WOAH Poultry,1500
3,Butte,California,12-31-2024,WOAH Non-Poultry,70
4,Spartanburg,South Carolina,12-31-2024,Commercial Upland Gamebird Producer,920
5,Riverside,California,12-31-2024,Commercial Table Egg Layer,181300
6,Ottawa,Michigan,12-31-2024,Commercial Turkey Meat Bird,23400
7,Copiah,Mississippi,12-30-2024,Commercial Broiler Production,210000
8,Johnson,Nebraska,12-30-2024,Commercial Broiler Production,209100
9,Tipton,Tennessee,12-30-2024,WOAH Non-Poultry,10
10,Twin Falls,Idaho,12-30-2024,WOAH Non-Poultry,30
11,Clay,Arkansas,12-30-2024,Commercial Broiler Production,227500
12,Edmunds,South Dakota,12-30-2023,Commercial Upland Gamebird Producer,1400
13,Snohomish,Washington,12-30-2022,WOAH Poultry,180
14,Sanilac,Michigan,12-30-2022,WOAH Non-Poultry,30
15,Carson,Texas,12-29-2023,WOAH Non-Poultry,30
16,Mcintosh,North Dakota,12-29-2023,WOAH Non-Poultry,110
17,Pierce,Washington,12-29-2022,WOAH Non-Poultry,40
18,Marin,California,12-28-2023,Commercial Table Egg Pullets,151000
19,Sonoma,California,12-28-2023,Commercial Table Egg Layer,37300
20,Audrain,Missouri,12-28-2023,WOAH Poultry,330
21,Sonoma,California,12-28-2023,Commercial Table Egg Layer,52400
22,Missoula,Montana,12-28-2023,WOAH Non-Poultry,6
23,Weakley,Tennessee,12-28-2022,Commercial Broiler Breeder,19000
24,Weakley,Tennessee,12-28-2022,Commercial Broiler Breeder,43600
25,Elk,Kansas,12-28-2022,WOAH Non-Poultry,30
26,Sacramento,California,12-27-2024,Commercial Broiler Production,153800
27,Pemiscot,Missouri,12-27-2024,WOAH Non-Poultry,70
28,Sheridan,Wyoming,12-27-2024,WOAH Non-Poultry,0
29,Stanislaus,California,12-27-2024,Commercial Broiler Production,101700
30,Darke,Ohio,12-27-2024,Commercial Table Egg Layer,931300
31,Cooper,Missouri,12-27-2024,Commercial Turkey Breeder Hens,14900
32,Burnett,Wisconsin,12-27-2024,Commercial Turkey Meat Bird,18600
33,Anderson,Kansas,12-27-2024,WOAH Non-Poultry,40
34,Coffey,Kansas,12-27-2024,WOAH Non-Poultry,50
35,Ottawa,Michigan,12-27-2024,Commercial Turkey Meat Bird,113200
36,Garfield,Oklahoma,12-27-2023,WOAH Non-Poultry,30
37,Northumberland,Pennsylvania,12-27-2023,Commercial Raised for Release Upland Game Bird,98300
38,Todd,Minnesota,12-27-2023,Commercial Turkey Meat Bird,78800
39,Muskegon,Michigan,12-27-2023,Commercial Turkey Meat Bird,31500
40,Hardin,Ohio,12-27-2023,Commercial Table Egg Pullets,1363900
41,Phillips,Kansas,12-26-2024,WOAH Non-Poultry,10
42,Merced,California,12-26-2023,Commercial Table Egg Layer,709000
43,Riverside,California,12-24-2024,Commercial Table Egg Layer,1105500
44,Cass,Missouri,12-24-2024,WOAH Non-Poultry,60
45,San Joaquin,California,12-24-2024,Commercial Table Egg Layer,627800
46,Adair,Oklahoma,12-24-2024,Commercial Turkey Meat Bird,81400
47,Adair,Oklahoma,12-24-2024,Commercial Turkey Meat Bird,45000
48,Dade,Missouri,12-24-2024,WOAH Non-Poultry,90
49,Stanislaus,California,12-24-2024,Commercial Table Egg Layer,392100
50,Franklin,Vermont,12-24-2024,WOAH Non-Poultry,20
51,El Dorado,California,12-23-2024,WOAH Non-Poultry,30
52,Lawrence,Illinois,12-23-2024,Commercial Turkey Meat Bird,41400
53,Ottawa,Michigan,12-23-2024,Commercial Turkey Meat Bird,75500
54,Glenn,California,12-22-2022,Commercial Upland Gamebird Producer,32000
55,Dodge,Nebraska,12-21-2023,WOAH Non-Poultry,40
56,Edmunds,South Dakota,12-21-2023,Commercial Upland Gamebird Producer,3800
57,Bates,Missouri,12-21-2022,WOAH Non-Poultry,30
58,Weakley,Tennessee,12-21-2022,WOAH Poultry,28800
59,Umatilla,Oregon,12-21-2022,WOAH Non-Poultry,10
60,St. Clair,Illinois,12-21-2022,WOAH Non-Poultry,60
61,Cooper,Missouri,12-20-2024,Commercial Turkey Breeder Hens,13000
62,Greene,Mississippi,12-20-2024,Commercial Broiler Breeder,26000
63,Sedgwick,Kansas,12-20-2024,WOAH Non-Poultry,30
64,Craighead,Arkansas,12-20-2024,WOAH Non-Poultry,50
65,Houston,Minnesota,12-20-2024,WOAH Non-Poultry,60
66,Chippewa,Minnesota,12-20-2024,Commercial Turkey Meat Bird,54800
67,Merced,California,12-20-2023,Commercial Table Egg Layer,243300
68,Merced,California,12-20-2023,Commercial Turkey Meat Bird,73700
69,Mahaska,Iowa,12-20-2023,WOAH Non-Poultry,30
70,Benton,Oregon,12-20-2023,WOAH Non-Poultry,50
71,Charles Mix,South Dakota,12-20-2023,Commercial Upland Gamebird Producer,50
72,Hanson,South Dakota,12-20-2022,Commercial Turkey Meat Bird,31800
73,Gem,Idaho,12-20-2022,WOAH Non-Poultry,80
74,Weld,Colorado,12-20-2022,Commercial Table Egg Layer,239700
75,Stanislaus,California,12-19-2024,Commercial Table Egg Layer,295800
76,Pickens,Alabama,12-19-2024,WOAH Non-Poultry,50
77,Cullman,Alabama,12-19-2024,Commercial Broiler Production,116000
78,Kenosha,Wisconsin,12-19-2024,WOAH Poultry,6
79,Coos,Oregon,12-19-2024,WOAH Non-Poultry,40
80,Jackson,Arkansas,12-19-2024,WOAH Non-Poultry,230
81,Deschutes,Oregon,12-19-2024,WOAH Non-Poultry,90
82,Fillmore,Minnesota,12-19-2024,Commercial Turkey Meat Bird,28600
83,Greene,Ohio,12-19-2024,WOAH Poultry,110
84,Stearns,Minnesota,12-19-2024,Commercial Turkey Meat Bird,12600
85,Lassen,California,12-19-2023,WOAH Non-Poultry,90
86,King,Washington,12-19-2023,WOAH Poultry,90
87,Rice,Kansas,12-19-2023,Commercial Table Egg Layer,800000
88,Muskegon,Michigan,12-19-2023,Commercial Turkey Meat Bird,47900
89,Barton,Kansas,12-19-2023,WOAH Non-Poultry,70
90,Sonoma,California,12-19-2023,Commercial Duck Meat Bird,3600
91,Mcpherson,Kansas,12-19-2023,WOAH Poultry,20000
92,Mendocino,California,12-19-2022,WOAH Non-Poultry,20
93,Nelson,North Dakota,12-18-2024,WOAH Non-Poultry,60
94,Rooks,Kansas,12-18-2024,Commercial Raised for Release Upland Game Bird,5300
95,Jefferson Davis,Louisiana,12-18-2024,WOAH Non-Poultry,30
96,Doniphan,Kansas,12-18-2024,Commercial Raised for Release Upland Game Bird,5700
97,Howard,Missouri,12-18-2024,WOAH Non-Poultry,60
98,Rice,Kansas,12-18-2023,WOAH Non-Poultry,100
99,Edmunds,South Dakota,12-18-2023,Commercial Upland Gamebird Producer,1000
100,Sonoma,California,12-18-2023,WOAH Poultry,38100
101,Sonoma,California,12-18-2023,Commercial Table Egg Layer,497700
102,Monona,Iowa,12-17-2024,WOAH Non-Poultry,30
103,Lemhi,Idaho,12-17-2024,WOAH Non-Poultry,20
104,O'brien,Iowa,12-17-2024,Commercial Table Egg Layer,351400
105,Worth,Iowa,12-17-2024,Commercial Turkey Meat Bird,19500
106,Charles Mix,South Dakota,12-17-2024,WOAH Poultry,1800
107,Charles Mix,South Dakota,12-17-2024,Commercial Turkey Meat Bird,74800
108,Lemhi,Idaho,12-17-2024,WOAH Non-Poultry,150
109,Sioux,Iowa,12-17-2024,Commercial Table Egg Layer,428600
110,Lancaster,Nebraska,12-17-2024,WOAH Poultry,290
111,Bon Homme,South Dakota,12-17-2024,Commercial Turkey Meat Bird,48700
112,Stanislaus,California,12-17-2024,Commercial Turkey Meat Bird,33100
113,Merced,California,12-16-2024,Commercial Table Egg Pullets,424700
114,Merced,California,12-16-2024,Commercial Turkey Meat Bird,53100
115,Sarpy,Nebraska,12-16-2024,WOAH Non-Poultry,30
116,Butte,California,12-16-2022,WOAH Non-Poultry,20
117,Flathead,Montana,12-16-2022,WOAH Non-Poultry,0
118,Duval,Florida,12-16-2022,WOAH Non-Poultry,10
119,Weld,Colorado,12-16-2022,Commercial Table Egg Layer,1291000
120,Waseca,Minnesota,12-15-2023,WOAH Non-Poultry,90
121,Latah,Idaho,12-15-2023,WOAH Poultry,200
122,Polk,Oregon,12-15-2022,WOAH Non-Poultry,20
123,Monterey,California,12-14-2024,Commercial Duck Breeder,13700
124,Tulare,California,12-14-2024,Commercial Duck Meat Bird,41100
125,Bossier,Louisiana,12-14-2024,WOAH Non-Poultry,40
126,Merced,California,12-14-2024,Commercial Duck Meat Bird,119000
127,Clatsop,Oregon,12-14-2023,WOAH Non-Poultry,30
128,Scott,Arkansas,12-14-2023,WOAH Non-Poultry,180
129,Darke,Ohio,12-14-2023,Commercial Table Egg Layer,522300
130,Moody,South Dakota,12-14-2022,Commercial Table Egg Layer,1332100
131,Weakley,Tennessee,12-14-2022,WOAH Poultry,37900
132,Redwood,Minnesota,12-14-2022,WOAH Non-Poultry,40
133,Knox,Nebraska,12-14-2022,WOAH Poultry,160
134,Franklin,Washington,12-14-2022,Commercial Table Egg Layer,1015500
135,Spink,South Dakota,12-14-2022,WOAH Poultry,280
136,Tulare,California,12-13-2024,Commercial Broiler Production,514500
137,Livingston,Illinois,12-13-2024,Commercial Turkey Breeder Hens,40500
138,Barron,Wisconsin,12-13-2024,Commercial Turkey Breeder Hens,13200
139,Merced,California,12-13-2023,Commercial Table Egg Layer,1358600
140,Weld,Colorado,12-13-2023,WOAH Non-Poultry,30
141,Rice,Kansas,12-13-2023,Commercial Table Egg Layer,700000
142,Merced,California,12-13-2023,Commercial Broiler Production,183100
143,Mcpherson,Kansas,12-13-2023,WOAH Poultry,20000
144,San Joaquin,California,12-13-2023,Commercial Duck Breeder,6000
145,Daviess,Indiana,12-13-2022,Commercial Turkey Meat Bird,11400
146,Columbia,Oregon,12-13-2022,WOAH Non-Poultry,100
147,Linn,Oregon,12-13-2022,WOAH Non-Poultry,20
148,Sac,Iowa,12-12-2024,Commercial Turkey Meat Bird,45200
149,Kingsbury,South Dakota,12-12-2024,Commercial Turkey Meat Bird,39300
150,Pope,Arkansas,12-12-2024,WOAH Non-Poultry,40
151,Craighead,Arkansas,12-12-2024,WOAH Non-Poultry,10
152,St. Louis,Missouri,12-12-2023,WOAH Non-Poultry,20
153,Lake,South Dakota,12-12-2023,Commercial Turkey Meat Bird,76000
154,Dutchess,New York,12-12-2023,WOAH Poultry,4200
155,Etowah,Alabama,12-12-2023,WOAH Non-Poultry,80
156,Wadena,Minnesota,12-12-2022,Commercial Turkey Meat Bird,298100
157,Buena Vista,Iowa,12-12-2022,Commercial Turkey Meat Bird,51200
158,Sac,Iowa,12-12-2022,Commercial Turkey Meat Bird,50000
159,Cherokee,Iowa,12-12-2022,Commercial Turkey Meat Bird,50000
160,Hanson,South Dakota,12-12-2022,Commercial Turkey Meat Bird,23900
161,Ida,Iowa,12-12-2022,Commercial Turkey Meat Bird,90000
162,Brule,South Dakota,12-11-2024,Commercial Turkey Meat Bird,50900
163,Adair,Oklahoma,12-11-2024,WOAH Poultry,40000
164,Dodge,Nebraska,12-11-2024,WOAH Non-Poultry,10
165,Sioux,Iowa,12-11-2024,Commercial Table Egg Layer,1575700
166,Palo Alto,Iowa,12-11-2024,Commercial Turkey Meat Bird,31100
167,Olmsted,Minnesota,12-11-2023,Commercial Turkey Breeder Hens,14400
168,Stanislaus,California,12-10-2024,Commercial Duck Breeder,82600
169,La Plata,Colorado,12-10-2024,WOAH Non-Poultry,20
170,Cedar,Missouri,12-10-2024,WOAH Non-Poultry,20
171,Jefferson,Idaho,12-10-2024,WOAH Non-Poultry,60
172,Tulare,California,12-10-2024,Commercial Broiler Production,330200
173,Charles Mix,South Dakota,12-10-2024,Commercial Turkey Meat Bird,32400
174,Beadle,South Dakota,12-10-2024,Commercial Turkey Meat Bird,52200
175,Daviess,Missouri,12-10-2024,WOAH Poultry,19900
176,Franklin,Idaho,12-10-2024,WOAH Non-Poultry,40
177,Jewell,Kansas,12-10-2024,WOAH Non-Poultry,40
178,Moody,South Dakota,12-10-2024,Commercial Turkey Meat Bird,46700
179,Beadle,South Dakota,12-09-2024,Commercial Turkey Meat Bird,50600
180,Kern,California,12-09-2024,WOAH Poultry,45400
181,Lafayette,Arkansas,12-09-2024,WOAH Non-Poultry,40
182,Hutchinson,South Dakota,12-09-2024,Commercial Turkey Meat Bird,42800
183,Clackamas,Oregon,12-09-2022,WOAH Non-Poultry,60
184,Osage,Missouri,12-09-2022,Commercial Turkey Meat Bird,19700
185,Onslow,North Carolina,12-09-2022,WOAH Non-Poultry,60
186,Prowers,Colorado,12-09-2022,Commercial Upland Gamebird Producer,11000
187,Polk,Oregon,12-09-2022,WOAH Non-Poultry,70
188,Charles Mix,South Dakota,12-08-2023,Commercial Turkey Meat Bird,32400
189,Barton,Kansas,12-08-2023,WOAH Non-Poultry,30
190,Barron,Wisconsin,12-08-2023,Commercial Turkey Meat Bird,70000
191,Mills,Iowa,12-08-2023,WOAH Non-Poultry,10
192,Hamlin,South Dakota,12-08-2022,Commercial Turkey Meat Bird,58100
193,Dade,Missouri,12-08-2022,WOAH Non-Poultry,30
194,Dodge,Minnesota,12-08-2022,Commercial Turkey Meat Bird,10000
195,Orleans,Vermont,12-07-2023,WOAH Non-Poultry,40
196,Carroll,Arkansas,12-07-2023,Commercial Turkey Meat Bird,33300
197,Montmorency,Michigan,12-07-2023,WOAH Poultry,100
198,Stanislaus,California,12-07-2023,Commercial Broiler Production,258600
199,Sonoma,California,12-07-2023,Commercial Duck Meat Bird,4900
200,Hardin,Ohio,12-07-2023,Commercial Table Egg Layer,2613600
201,Darke,Ohio,12-07-2023,Commercial Turkey Meat Bird,15200
202,Kingsbury,South Dakota,12-07-2022,WOAH Non-Poultry,70
203,Cherokee,Iowa,12-07-2022,Commercial Turkey Meat Bird,105000
204,Sac,Iowa,12-07-2022,Commercial Turkey Meat Bird,40000
205,Stanislaus,California,12-06-2024,WOAH Poultry,44100
206,Nemaha,Nebraska,12-06-2024,Commercial Turkey Breeder Hens,12400
207,Pitkin,Colorado,12-06-2024,WOAH Non-Poultry,50
208,Washakie,Wyoming,12-06-2024,WOAH Non-Poultry,20
209,Sioux,Iowa,12-06-2024,Commercial Table Egg Layer,4200000
210,Hamlin,South Dakota,12-06-2023,Commercial Turkey Meat Bird,56200
211,Todd,Minnesota,12-06-2023,Commercial Turkey Meat Bird,64000
212,Becker,Minnesota,12-06-2023,Commercial Breeder Operation,20600
213,Bon Homme,South Dakota,12-06-2023,Commercial Turkey Meat Bird,47600
214,Sonoma,California,12-06-2023,Commercial Table Egg Layer,232000
215,Larimer,Colorado,12-06-2022,WOAH Non-Poultry,2
216,Denton,Texas,12-06-2022,WOAH Non-Poultry,40
217,Harrison,Missouri,12-06-2022,WOAH Non-Poultry,30
218,Pawnee,Oklahoma,12-06-2022,WOAH Non-Poultry,30
219,Lamoille,Vermont,12-06-2022,WOAH Non-Poultry,50
220,San Joaquin,California,12-05-2024,Commercial Duck Meat Bird,13000
221,Merced,California,12-05-2024,Commercial Table Egg Layer,306100
222,Merced,California,12-05-2024,Commercial Table Egg Layer,793700
223,Merced,California,12-05-2024,Commercial Table Egg Layer,1723800
224,Spink,South Dakota,12-05-2023,Commercial Turkey Meat Bird,26600
225,Stanislaus,California,12-05-2023,Commercial Broiler Production,239900
226,Stanislaus,California,12-05-2023,Commercial Broiler Production,254400
227,Otter Tail,Minnesota,12-05-2023,Commercial Turkey Meat Bird,26300
228,Shawnee,Kansas,12-05-2023,WOAH Non-Poultry,70
229,Kingsbury,South Dakota,12-05-2023,WOAH Non-Poultry,370
230,Lawrence,Alabama,12-05-2022,WOAH Non-Poultry,460
231,Buena Vista,Iowa,12-05-2022,Commercial Turkey Meat Bird,40700
232,Clark,South Dakota,12-05-2022,Commercial Turkey Meat Bird,24300
233,Charles Mix,South Dakota,12-05-2022,Commercial Turkey Meat Bird,34100
234,Sacramento,California,12-04-2024,Commercial Turkey Meat Bird,61200
235,Stanislaus,California,12-04-2024,Commercial Table Egg Layer,720800
236,Charles Mix,South Dakota,12-04-2024,Commercial Turkey Meat Bird,65200
237,Stanislaus,California,12-04-2024,Commercial Turkey Meat Bird,23100
238,Riverside,California,12-04-2024,WOAH Non-Poultry,70
239,Stanislaus,California,12-04-2024,Commercial Turkey Meat Bird,57700
240,Barron,Wisconsin,12-04-2023,Commercial Turkey Meat Bird,113800
241,Johnson,Arkansas,12-04-2023,Commercial Broiler Production,109000
242,Pottawatomie,Kansas,12-04-2023,WOAH Non-Poultry,30
243,Mcpherson,South Dakota,12-04-2023,Commercial Turkey Meat Bird,40800
244,Fresno,California,12-03-2024,Commercial Broiler Production,237100
245,Mcpherson,South Dakota,12-03-2024,Commercial Turkey Meat Bird,78200
246,Adair,Oklahoma,12-03-2024,Commercial Broiler Breeder,63700
247,Utah,Utah,12-03-2024,WOAH Non-Poultry,30
248,Spink,South Dakota,12-03-2024,Commercial Turkey Meat Bird,41400
249,Douglas,Kansas,12-03-2024,WOAH Non-Poultry,100
250,Bottineau,North Dakota,12-02-2024,WOAH Poultry,30
251,Clark,South Dakota,12-02-2022,WOAH Non-Poultry,40
252,Knox,Nebraska,12-02-2022,WOAH Non-Poultry,10
253,Union,North Carolina,12-02-2022,WOAH Non-Poultry,9
254,Woodbury,Iowa,12-01-2023,WOAH Non-Poultry,40
255,Canyon,Idaho,12-01-2023,WOAH Non-Poultry,20
256,Darke,Ohio,12-01-2023,Commercial Turkey Meat Bird,33000
257,Bay,Michigan,12-01-2023,WOAH Non-Poultry,60
258,Arkansas,Arkansas,12-01-2022,WOAH Non-Poultry,20
259,Lake,South Dakota,12-01-2022,Commercial Turkey Meat Bird,78000
260,Jackson,Missouri,12-01-2022,WOAH Non-Poultry,30
261,Brookings,South Dakota,12-01-2022,WOAH Non-Poultry,210
262,Sonoma,California,11-30-2023,Commercial Table Egg Layer,82500
263,San Benito,California,11-30-2023,Commercial Duck Breeder,5000
264,Bent,Colorado,11-30-2023,WOAH Poultry,4100
265,Lewis And Clark,Montana,11-30-2023,WOAH Non-Poultry,6
266,Minnehaha,South Dakota,11-30-2023,WOAH Non-Poultry,80
267,Grundy,Illinois,11-30-2022,WOAH Poultry,8800
268,Charles Mix,South Dakota,11-30-2022,Commercial Turkey Meat Bird,75100
269,Hamlin,South Dakota,11-30-2022,Commercial Turkey Meat Bird,50000
270,Tulare,California,11-29-2024,Commercial Duck Breeder,26500
271,Merced,California,11-29-2024,Commercial Turkey Meat Bird,25200
272,Fresno,California,11-29-2024,Commercial Duck Breeder,23100
273,Gibson,Tennessee,11-29-2024,Commercial Broiler Breeder,37700
274,Meeker,Minnesota,11-29-2024,Commercial Turkey Meat Bird,223800
275,Fresno,California,11-29-2024,Commercial Broiler Production,266400
276,Douglas,Minnesota,11-29-2023,Commercial Turkey Meat Bird,13500
277,Dickey,North Dakota,11-29-2023,WOAH Poultry,130
278,Becker,Minnesota,11-29-2023,Commercial Turkey Breeder Hens,23200
279,Otter Tail,Minnesota,11-29-2023,Commercial Turkey Meat Bird,18800
280,Morgan,Colorado,11-29-2023,WOAH Non-Poultry,60
281,Woodbury,Iowa,11-29-2023,WOAH Non-Poultry,10
282,Carroll,Arkansas,11-29-2023,Commercial Broiler Production,81200
283,Washington,Maryland,11-29-2022,Commercial Table Egg Breeder,24600
284,Hanson,South Dakota,11-29-2022,Commercial Turkey Meat Bird,71600
285,Spink,South Dakota,11-29-2022,Commercial Turkey Meat Bird,32900
286,Emmons,North Dakota,11-28-2023,WOAH Non-Poultry,60
287,Trempealeau,Wisconsin,11-28-2023,Commercial Turkey Meat Bird,48700
288,Trempealeau,Wisconsin,11-28-2023,Commercial Turkey Meat Bird,23500
289,Colfax,Nebraska,11-28-2023,WOAH Non-Poultry,20
290,Dickey,North Dakota,11-28-2023,Commercial Turkey Meat Bird,60300
291,Sioux,Iowa,11-28-2023,Commercial Table Egg Layer,1616300
292,Pierce,Washington,11-28-2023,WOAH Non-Poultry,540
293,Yankton,South Dakota,11-28-2023,Commercial Turkey Meat Bird,49000
294,Mcpherson,South Dakota,11-28-2023,Commercial Turkey Meat Bird,61800
295,Iron,Utah,11-28-2022,WOAH Poultry,3000
296,Webster,Missouri,11-28-2022,Commercial Turkey Meat Bird,15100
297,Beadle,South Dakota,11-27-2024,Commercial Turkey Meat Bird,41100
298,Union,Oregon,11-27-2024,WOAH Non-Poultry,30
299,Faulk,South Dakota,11-27-2024,Commercial Turkey Meat Bird,56000
300,Meeker,Minnesota,11-27-2024,Commercial Turkey Meat Bird,24700
301,Ransom,North Dakota,11-27-2024,Commercial Turkey Meat Bird,59500
302,Sanpete,Utah,11-27-2024,Commercial Turkey Meat Bird,51800
303,Sonoma,California,11-27-2023,Commercial Duck Breeder,205500
304,Brown,Minnesota,11-27-2023,Commercial Turkey Breeder Hens,7800
305,Matanuska Susitna,Alaska,11-26-2024,WOAH Non-Poultry,70
306,Meeker,Minnesota,11-25-2024,Commercial Turkey Meat Bird,30500
307,Beadle,South Dakota,11-25-2022,Commercial Turkey Meat Bird,50700
308,Matanuska Susitna,Alaska,11-25-2022,WOAH Non-Poultry,40
309,Turner,South Dakota,11-25-2022,WOAH Non-Poultry,210
310,Dixon,Nebraska,11-25-2022,Commercial Table Egg Layer,1700000
311,Spink,South Dakota,11-25-2022,Commercial Turkey Meat Bird,55500
312,Beadle,South Dakota,11-25-2022,Commercial Turkey Meat Bird,67900
313,Durham,North Carolina,11-25-2022,WOAH Non-Poultry,30
314,Clackamas,Oregon,11-24-2023,WOAH Non-Poultry,10
315,Otter Tail,Minnesota,11-24-2023,Commercial Breeder Operation,19400
316,Kandiyohi,Minnesota,11-24-2023,Commercial Turkey Breeder Hens,7300
317,Freeborn,Minnesota,11-24-2023,WOAH Non-Poultry,8
318,Faulk,South Dakota,11-23-2022,Commercial Turkey Meat Bird,49900
319,Brule,South Dakota,11-23-2022,WOAH Non-Poultry,30
320,Broward,Florida,11-23-2022,WOAH Non-Poultry,10
321,Columbia,Oregon,11-23-2022,WOAH Non-Poultry,30
322,Davidson,Tennessee,11-23-2022,WOAH Non-Poultry,10
323,Todd,Minnesota,11-23-2022,Commercial Turkey Meat Bird,44500
324,Mchenry,North Dakota,11-22-2024,WOAH Poultry,80
325,Merced,California,11-22-2024,Commercial Table Egg Pullets,538600
326,Brule,South Dakota,11-22-2023,Commercial Turkey Meat Bird,45100
327,Stearns,Minnesota,11-22-2023,Commercial Turkey Meat Bird,34200
328,Trempealeau,Wisconsin,11-22-2023,Commercial Turkey Meat Bird,51300
329,Otter Tail,Minnesota,11-22-2023,Commercial Turkey Meat Bird,28000
330,Beadle,South Dakota,11-22-2022,Commercial Turkey Meat Bird,29200
331,Webster,Missouri,11-22-2022,WOAH Poultry,9100
332,Salt Lake,Utah,11-21-2024,WOAH Non-Poultry,30
333,Roger Mills,Oklahoma,11-21-2024,WOAH Non-Poultry,40
334,Piute,Utah,11-21-2024,Commercial Turkey Meat Bird,35500
335,Maricopa,Arizona,11-21-2024,WOAH Non-Poultry,490
336,Tulare,California,11-21-2024,Commercial Duck Meat Bird,96900
337,Lemhi,Idaho,11-21-2024,WOAH Non-Poultry,20
338,Madera,California,11-21-2024,WOAH Non-Poultry,10
339,Clark,South Dakota,11-21-2023,Commercial Turkey Meat Bird,23600
340,Kingsbury,South Dakota,11-21-2023,Commercial Turkey Meat Bird,28800
341,Caroline,Maryland,11-21-2023,Commercial Broiler Production,192900
342,Brown,Minnesota,11-21-2023,Commercial Turkey Breeder Hens,6400
343,Union,Ohio,11-21-2023,Commercial Table Egg Layer,1348900
344,Sumter,Georgia,11-21-2023,Commercial Raised for Release Waterfowl,30000
345,Beadle,South Dakota,11-21-2023,Commercial Turkey Meat Bird,78200
346,Broward,Florida,11-21-2023,WOAH Non-Poultry,5
347,Clark,South Dakota,11-21-2023,Commercial Turkey Meat Bird,57400
348,Big Stone,Minnesota,11-21-2023,Commercial Turkey Meat Bird,78500
349,Grimes,Texas,11-21-2023,WOAH Non-Poultry,60
350,Kandiyohi,Minnesota,11-21-2023,Commercial Breeder Operation,8400
351,Washington,Maine,11-21-2022,WOAH Non-Poultry,90
352,Edmunds,South Dakota,11-21-2022,Commercial Turkey Meat Bird,34400
353,Matanuska Susitna,Alaska,11-20-2024,WOAH Non-Poultry,40
354,Kern,California,11-20-2024,Commercial Table Egg Layer,1022400
355,Marin,California,11-20-2024,Commercial Duck Meat Bird,6500
356,Fresno,California,11-20-2023,Commercial Duck Breeder,23400
357,Walworth,South Dakota,11-20-2023,WOAH Non-Poultry,0
358,Edmunds,South Dakota,11-20-2023,Commercial Turkey Breeder Hens,19200
359,Edmunds,South Dakota,11-20-2023,Commercial Turkey Meat Bird,33400
360,Edmunds,South Dakota,11-20-2023,Commercial Turkey Breeder Replacement Hens,30100
361,San Juan,New Mexico,11-20-2023,WOAH Non-Poultry,20
362,Taylor,Wisconsin,11-20-2023,WOAH Non-Poultry,8
363,Day,South Dakota,11-20-2023,WOAH Poultry,60
364,Swift,Minnesota,11-20-2023,Commercial Turkey Meat Bird,134300
365,Henry,Illinois,11-19-2024,WOAH Poultry,5600
366,Fresno,California,11-19-2024,Commercial Broiler Production,172800
367,Merced,California,11-19-2024,Commercial Turkey Meat Bird,38200
368,Whatcom,Washington,11-19-2024,WOAH Non-Poultry,40
369,Lake,South Dakota,11-19-2024,WOAH Non-Poultry,20
370,Martin,Minnesota,11-18-2024,WOAH Non-Poultry,40
371,Martin,Minnesota,11-18-2024,WOAH Non-Poultry,30
372,Honolulu,Hawaii,11-18-2024,WOAH Non-Poultry,9
373,Utah,Utah,11-18-2022,WOAH Non-Poultry,270
374,Union,North Carolina,11-18-2022,WOAH Non-Poultry,50
375,Fall River,South Dakota,11-17-2023,WOAH Non-Poultry,80
376,Broward,Florida,11-17-2022,WOAH Non-Poultry,20
377,Berks,Pennsylvania,11-17-2022,WOAH Non-Poultry,30
378,Linn,Oregon,11-16-2023,Commercial Broiler Production,630700
379,Stearns,Minnesota,11-16-2023,Commercial Turkey Meat Bird,43100
380,Benton,Iowa,11-16-2023,WOAH Non-Poultry,90
381,Marion,Oregon,11-16-2023,Commercial Broiler Production,123500
382,Duval,Florida,11-16-2023,WOAH Non-Poultry,50
383,Hillsborough,Florida,11-16-2022,WOAH Non-Poultry,100
384,Seminole,Florida,11-16-2022,WOAH Poultry,100
385,Fresno,California,11-16-2022,Commercial Duck Breeder,34700
386,Stanislaus,California,11-15-2024,Commercial Turkey Meat Bird,21500
387,Honolulu,Hawaii,11-15-2024,WOAH Non-Poultry,70
388,Piute,Utah,11-15-2024,Commercial Turkey Meat Bird,35000
389,Mcintosh,North Dakota,11-15-2023,WOAH Poultry,100
390,Lamoure,North Dakota,11-15-2023,Commercial Turkey Meat Bird,25100
391,Edmunds,South Dakota,11-15-2023,Commercial Turkey Breeder Replacement Hens,24500
392,Cass,Michigan,11-15-2023,WOAH Non-Poultry,20
393,Bledsoe,Tennessee,11-15-2022,Commercial Broiler Breeder,20900
394,Otter Tail,Minnesota,11-15-2022,Commercial Turkey Meat Bird,28200
395,Duval,Florida,11-15-2022,WOAH Non-Poultry,30
396,Fresno,California,11-14-2024,Commercial Turkey Meat Bird,17500
397,Fresno,California,11-14-2024,Commercial Turkey Meat Bird,39600
398,Fresno,California,11-14-2024,Commercial Turkey Meat Bird,17700
399,San Joaquin,California,11-14-2024,Commercial Broiler Production,29100
400,Merced,California,11-14-2024,Commercial Turkey Meat Bird,53200
401,Weld,Colorado,11-14-2024,WOAH Non-Poultry,80
402,Fresno,California,11-14-2024,Commercial Broiler Production,259000
403,Kings,California,11-14-2024,Commercial Broiler Production,279300
404,Kings,California,11-14-2024,WOAH Non-Poultry,8
405,Kings,California,11-14-2024,Commercial Broiler Production,53300
406,Redwood,Minnesota,11-14-2023,Commercial Turkey Meat Bird,18700
407,Ellis,Texas,11-14-2023,WOAH Non-Poultry,50
408,Kossuth,Iowa,11-14-2023,WOAH Poultry,13000
409,Taylor,Iowa,11-14-2023,Commercial Table Egg Layer,1121100
410,Missoula,Montana,11-14-2023,WOAH Non-Poultry,4
411,Kandiyohi,Minnesota,11-14-2023,Commercial Turkey Meat Bird,35600
412,Cerro Gordo,Iowa,11-14-2023,WOAH Non-Poultry,80
413,Jones,Iowa,11-14-2023,WOAH Non-Poultry,20
414,Deschutes,Oregon,11-14-2023,WOAH Non-Poultry,30
415,Marion,Oregon,11-14-2023,WOAH Non-Poultry,5
416,Jasper,Missouri,11-14-2023,Commercial Turkey Meat Bird,29300
417,Lowndes,Mississippi,11-14-2022,WOAH Non-Poultry,8
418,Malheur,Oregon,11-13-2024,WOAH Non-Poultry,8
419,Pinal,Arizona,11-13-2024,Commercial Table Egg Layer,829200
420,Montrose,Colorado,11-13-2023,WOAH Non-Poultry,50
421,Bonneville,Idaho,11-13-2023,WOAH Non-Poultry,50
422,Mcintosh,North Dakota,11-13-2023,WOAH Non-Poultry,50
423,Fresno,California,11-12-2024,Commercial Turkey Meat Bird,34800
424,Fresno,California,11-12-2024,Commercial Broiler Production,237700
425,Tulare,California,11-12-2024,WOAH Non-Poultry,120
426,Kern,California,11-12-2024,Commercial Table Egg Layer,2155100
427,Missoula,Montana,11-12-2024,WOAH Poultry,280
428,Piute,Utah,11-12-2024,Commercial Turkey Meat Bird,37500
429,Queens,New York,11-12-2022,Live Bird Market,170
430,Lehigh,Pennsylvania,11-10-2022,Commercial Turkey Meat Bird,18500
431,Lehigh,Pennsylvania,11-10-2022,Commercial Turkey Breeder Toms,160
432,Lapeer,Michigan,11-10-2022,WOAH Poultry,990
433,Mountrail,North Dakota,11-10-2022,WOAH Non-Poultry,40
434,Ward,North Dakota,11-10-2022,WOAH Poultry,20
435,Sweet Grass,Montana,11-09-2023,WOAH Non-Poultry,3
436,Redwood,Minnesota,11-09-2023,Commercial Turkey Meat Bird,18500
437,Wheatland,Montana,11-09-2023,WOAH Poultry,4500
438,Steele,Minnesota,11-09-2023,Commercial Turkey Meat Bird,46900
439,Mcpherson,South Dakota,11-09-2023,Commercial Turkey Meat Bird,58400
440,Roberts,South Dakota,11-09-2023,Commercial Turkey Meat Bird,51200
441,Matanuska Susitna,Alaska,11-08-2023,WOAH Non-Poultry,40
442,Charles Mix,South Dakota,11-08-2023,Commercial Turkey Meat Bird,74100
443,Utah,Utah,11-08-2023,WOAH Non-Poultry,60
444,Clark,South Dakota,11-08-2023,Commercial Upland Gamebird Producer,8500
445,Kossuth,Iowa,11-08-2023,WOAH Poultry,8200
446,Snohomish,Washington,11-08-2022,WOAH Non-Poultry,150
447,Louisa,Iowa,11-08-2022,WOAH Non-Poultry,20
448,Lehigh,Pennsylvania,11-08-2022,Commercial Turkey Meat Bird,17400
449,Lehigh,Pennsylvania,11-08-2022,Commercial Turkey Breeder Hens,7500
450,Snohomish,Washington,11-07-2024,WOAH Non-Poultry,170
451,Stearns,Minnesota,11-07-2023,Commercial Turkey Meat Bird,70900
452,Gloucester,Virginia,11-07-2022,WOAH Non-Poultry,80
453,Jefferson,Wisconsin,11-07-2022,Commercial Upland Gamebird Producer,187900
454,Converse,Wyoming,11-07-2022,WOAH Non-Poultry,20
455,Butler,Ohio,11-07-2022,WOAH Poultry,150
456,Benton,Missouri,11-06-2023,Commercial Broiler Breeder,16600
457,Hamilton,Iowa,11-06-2023,Commercial Breeder (Multiple Bird Species),15000
458,Clay,Iowa,11-06-2023,WOAH Poultry,1700
459,Wright,Iowa,11-06-2022,Commercial Table Egg Layer,1022800
460,Lehigh,Pennsylvania,11-04-2022,Commercial Turkey Meat Bird,14500
461,Sullivan,New York,11-04-2022,WOAH Non-Poultry,140
462,Lawrence,Mississippi,11-04-2022,Commercial Broiler Breeder,34400
463,Dauphin,Pennsylvania,11-04-2022,WOAH Non-Poultry,130
464,Mcpherson,South Dakota,11-03-2023,Commercial Turkey Breeder Hens,26800
465,Clay,Iowa,11-03-2023,WOAH Poultry,8300
466,Clay,Iowa,11-03-2023,WOAH Poultry,7700
467,Wright,Minnesota,11-03-2023,Commercial Table Egg Layer,940000
468,Yavapai,Arizona,11-03-2022,WOAH Non-Poultry,30
469,Bottineau,North Dakota,11-03-2022,WOAH Poultry,130
470,Middlesex,Massachusetts,11-03-2022,WOAH Non-Poultry,20
471,San Diego,California,11-03-2022,WOAH Poultry,150
472,Lehigh,Pennsylvania,11-03-2022,Commercial Turkey Meat Bird,28500
473,Yamhill,Oregon,11-03-2022,WOAH Poultry,150
474,Beaufort,South Carolina,11-03-2022,WOAH Non-Poultry,170
475,Broward,Florida,11-03-2022,WOAH Non-Poultry,70
476,Marathon,Wisconsin,11-03-2022,WOAH Non-Poultry,30
477,Sonoma,California,11-02-2024,WOAH Non-Poultry,30
478,Sacramento,California,11-02-2024,Commercial Turkey Meat Bird,48300
479,Grady,Oklahoma,11-02-2023,WOAH Non-Poultry,120
480,Marshall,Alabama,11-02-2023,Commercial Broiler Breeder Pullets,47900
481,Waukesha,Wisconsin,11-02-2022,WOAH Non-Poultry,10
482,Bergen,New Jersey,11-02-2022,WOAH Non-Poultry,60
483,Yavapai,Arizona,11-02-2022,WOAH Non-Poultry,50
484,Allegheny,Pennsylvania,11-02-2022,WOAH Non-Poultry,20
485,Okanogan,Washington,11-01-2024,WOAH Non-Poultry,20
486,Jackson,Oregon,11-01-2024,WOAH Non-Poultry,60
487,Flathead,Montana,11-01-2024,WOAH Non-Poultry,40
488,Stevens,Washington,11-01-2024,WOAH Non-Poultry,130
489,Buena Vista,Iowa,11-01-2023,Commercial Turkey Meat Bird,30000
490,Wayne,New York,11-01-2022,WOAH Non-Poultry,10
491,Stearns,Minnesota,11-01-2022,Commercial Turkey Meat Bird,8500
492,Granite,Montana,11-01-2022,WOAH Poultry,40
493,Gregory,South Dakota,11-01-2022,Commercial Upland Gamebird Producer,3000
494,Deschutes,Oregon,11-01-2022,WOAH Non-Poultry,8
495,Meeker,Minnesota,10-31-2023,Commercial Turkey Meat Bird,32100
496,Madison,Arkansas,10-31-2023,Commercial Broiler Breeder Pullets,31600
497,Beadle,South Dakota,10-31-2023,Commercial Turkey Meat Bird,29700
498,Wagoner,Oklahoma,10-31-2023,WOAH Non-Poultry,50
499,Lincoln,Tennessee,10-31-2023,WOAH Non-Poultry,100
500,Wright,Iowa,10-31-2022,Commercial Table Egg Layer,1100000
501,Tipton,Tennessee,10-31-2022,WOAH Non-Poultry,90
502,Swift,Minnesota,10-31-2022,Commercial Turkey Meat Bird,45600
503,Kings,California,10-30-2024,Commercial Broiler Production,117200
504,Venango,Pennsylvania,10-30-2024,WOAH Non-Poultry,20
505,Fresno,California,10-30-2024,Commercial Broiler Production,204600
506,Tulare,California,10-29-2024,WOAH Non-Poultry,10
507,Kings,California,10-29-2024,Commercial Broiler Production,104500
508,Kings,California,10-29-2024,Commercial Broiler Production,305500
509,Matanuska Susitna,Alaska,10-28-2023,WOAH Non-Poultry,30
510,Matanuska Susitna,Alaska,10-28-2023,WOAH Non-Poultry,50
511,Hillsborough,Florida,10-28-2022,WOAH Non-Poultry,40
512,Chilton,Alabama,10-27-2023,Commercial Upland Gamebird Producer,306500
513,Kittitas,Washington,10-27-2023,WOAH Poultry,70
514,Stearns,Minnesota,10-27-2022,Commercial Turkey Meat Bird,75000
515,Le Sueur,Minnesota,10-27-2022,Commercial Turkey Meat Bird,20100
516,Merced,California,10-26-2023,Commercial Turkey Meat Bird,31600
517,Pasco,Florida,10-26-2022,WOAH Non-Poultry,40
518,La Plata,Colorado,10-26-2022,WOAH Non-Poultry,20
519,Crook,Oregon,10-25-2024,WOAH Non-Poultry,180
520,Lewis,Washington,10-25-2024,WOAH Non-Poultry,60
521,Brown,Minnesota,10-25-2023,WOAH Non-Poultry,20
522,Clark,South Dakota,10-25-2023,Commercial Turkey Meat Bird,31100
523,Union,Oregon,10-25-2023,WOAH Non-Poultry,30
524,Beadle,South Dakota,10-25-2023,Commercial Turkey Meat Bird,51100
525,Hanson,South Dakota,10-25-2023,Commercial Turkey Meat Bird,13400
526,Meeker,Minnesota,10-25-2023,Commercial Turkey Meat Bird,33000
527,Pine,Minnesota,10-25-2023,WOAH Non-Poultry,30
528,Sanpete,Utah,10-25-2022,Commercial Turkey Meat Bird,3900
529,Indian River,Florida,10-25-2022,WOAH Non-Poultry,30
530,Indian River,Florida,10-25-2022,WOAH Poultry,50
531,Lake,Florida,10-25-2022,WOAH Non-Poultry,9
532,Martin,Florida,10-25-2022,WOAH Non-Poultry,30
533,Grant,South Dakota,10-25-2022,WOAH Non-Poultry,50
534,Swift,Minnesota,10-25-2022,Commercial Turkey Meat Bird,33800
535,Tulare,California,10-24-2024,Commercial Broiler Production,6000
536,Guthrie,Iowa,10-24-2023,WOAH Non-Poultry,50
537,Blue Earth,Minnesota,10-24-2023,Commercial Turkey Meat Bird,11900
538,Pocahontas,Iowa,10-24-2023,Commercial Turkey Meat Bird,50000
539,Kandiyohi,Minnesota,10-24-2023,Commercial Turkey Meat Bird,53700
540,Clackamas,Oregon,10-23-2024,Commercial Table Egg Layer,150000
541,Buena Vista,Iowa,10-23-2023,Commercial Turkey Meat Bird,49100
542,Ocean,New Jersey,10-22-2022,WOAH Non-Poultry,90
543,Southampton,Virginia,10-22-2022,WOAH Non-Poultry,170
544,Wake,North Carolina,10-21-2022,WOAH Non-Poultry,170
545,Cleveland,Oklahoma,10-21-2022,WOAH Non-Poultry,30
546,Itasca,Minnesota,10-21-2022,WOAH Non-Poultry,40
547,Union,Oregon,10-20-2023,WOAH Poultry,100
548,Hill,Montana,10-20-2022,WOAH Non-Poultry,60
549,Creek,Oklahoma,10-20-2022,WOAH Non-Poultry,50
550,Okeechobee,Florida,10-20-2022,WOAH Non-Poultry,2
551,Virginia Beach City,Virginia,10-20-2022,WOAH Non-Poultry,10
552,Valley,Idaho,10-20-2022,WOAH Non-Poultry,20
553,Newport,Rhode Island,10-20-2022,WOAH Non-Poultry,60
554,Dallas,Iowa,10-20-2022,WOAH Non-Poultry,50
555,Jefferson,Colorado,10-20-2022,WOAH Poultry,50
556,Spink,South Dakota,10-20-2022,WOAH Non-Poultry,160
557,Indian River,Florida,10-20-2022,WOAH Non-Poultry,60
558,Park,Montana,10-19-2023,WOAH Non-Poultry,3
559,Spink,South Dakota,10-19-2023,Commercial Turkey Meat Bird,34000
560,Becker,Minnesota,10-19-2023,Commercial Breeder Operation,20200
561,Sanpete,Utah,10-19-2022,Commercial Turkey Meat Bird,9400
562,Rockwall,Texas,10-19-2022,WOAH Non-Poultry,50
563,Roberts,South Dakota,10-19-2022,Commercial Breeder Operation,3600
564,Shawnee,Kansas,10-19-2022,WOAH Poultry,120
565,Blue Earth,Minnesota,10-18-2023,Commercial Turkey Meat Bird,11500
566,Redwood,Minnesota,10-18-2023,Commercial Turkey Meat Bird,8900
567,Traill,North Dakota,10-18-2022,WOAH Non-Poultry,90
568,Indian River,Florida,10-18-2022,WOAH Non-Poultry,300
569,Sanpete,Utah,10-18-2022,Commercial Turkey Meat Bird,100800
570,York,Nebraska,10-18-2022,Commercial Upland Gamebird Producer,34900
571,Jackson,Missouri,10-18-2022,WOAH Non-Poultry,40
572,St. Lucie,Florida,10-18-2022,WOAH Non-Poultry,6
573,Osceola,Florida,10-18-2022,WOAH Non-Poultry,20
574,Kitsap,Washington,10-17-2024,WOAH Non-Poultry,60
575,Becker,Minnesota,10-17-2023,Commercial Turkey Breeder Toms,2700
576,King,Washington,10-17-2023,WOAH Non-Poultry,10
577,Faulk,South Dakota,10-17-2023,Commercial Turkey Meat Bird,49700
578,Mcpherson,South Dakota,10-17-2023,Commercial Turkey Meat Bird,65000
579,Nye,Nevada,10-17-2022,WOAH Poultry,1600
580,Adams,Pennsylvania,10-17-2022,Commercial Turkey Meat Bird,15100
581,Tulare,California,10-16-2024,Commercial Broiler Production,786600
582,Carter,Oklahoma,10-16-2023,WOAH Non-Poultry,80
583,Franklin,Washington,10-15-2024,Commercial Table Egg Layer,839700
584,Cache,Utah,10-15-2024,Commercial Table Egg Layer,1852900
585,La Plata,Colorado,10-14-2022,WOAH Non-Poultry,40
586,Larimer,Colorado,10-14-2022,WOAH Non-Poultry,20
587,Tulsa,Oklahoma,10-14-2022,WOAH Non-Poultry,30
588,Matanuska Susitna,Alaska,10-14-2022,WOAH Poultry,1000
589,Broward,Florida,10-14-2022,WOAH Poultry,300
590,Pope,Arkansas,10-14-2022,WOAH Non-Poultry,470
591,Flathead,Montana,10-13-2023,WOAH Non-Poultry,8
592,Golden Valley,North Dakota,10-13-2023,WOAH Non-Poultry,90
593,Meeker,Minnesota,10-13-2023,Commercial Turkey Meat Bird,71000
594,Stanislaus,California,10-13-2022,Commercial Turkey Meat Bird,54900
595,Warren,New Jersey,10-13-2022,WOAH Non-Poultry,6
596,Sanpete,Utah,10-13-2022,Commercial Turkey Meat Bird,100000
597,Saint Croix,Wisconsin,10-13-2022,WOAH Non-Poultry,20
598,Williams,North Dakota,10-12-2023,WOAH Non-Poultry,10
599,Weld,Colorado,10-12-2023,WOAH Non-Poultry,30
600,Fremont,Wyoming,10-12-2022,WOAH Non-Poultry,30
601,Weld,Colorado,10-12-2022,WOAH Non-Poultry,40
602,Beadle,South Dakota,10-12-2022,Commercial Turkey Meat Bird,71400
603,Genesee,Michigan,10-12-2022,WOAH Non-Poultry,20
604,Hamlin,South Dakota,10-12-2022,WOAH Non-Poultry,20
605,Sanpete,Utah,10-12-2022,Commercial Turkey Meat Bird,52800
606,Meeker,Minnesota,10-11-2023,Commercial Turkey Meat Bird,115000
607,Adams,Pennsylvania,10-11-2022,WOAH Poultry,2800
608,Lapeer,Michigan,10-11-2022,WOAH Poultry,40
609,Broward,Florida,10-11-2022,WOAH Non-Poultry,40
610,Logan,Kentucky,10-11-2022,WOAH Non-Poultry,190
611,Martin,Florida,10-11-2022,WOAH Non-Poultry,50
612,Gregory,South Dakota,10-11-2022,Commercial Upland Gamebird Producer,200
613,Glacier,Montana,10-10-2023,WOAH Poultry,77100
614,Miami-dade,Florida,10-07-2024,Live Bird Sales  (non-slaughter),70
615,Sanpete,Utah,10-07-2022,Commercial Turkey Meat Bird,38900
616,Madison,Arkansas,10-07-2022,Commercial Broiler Breeder Pullets,56000
617,Sanpete,Utah,10-07-2022,Commercial Turkey Meat Bird,26700
618,Neosho,Kansas,10-07-2022,WOAH Poultry,2000
619,Lapeer,Michigan,10-07-2022,WOAH Poultry,100
620,Johnson,Kansas,10-07-2022,WOAH Poultry,6
621,Boulder,Colorado,10-07-2022,WOAH Poultry,600
622,Pope,Minnesota,10-07-2022,WOAH Non-Poultry,30
623,Sanpete,Utah,10-06-2023,Commercial Turkey Meat Bird,7600
624,Sanpete,Utah,10-06-2023,Commercial Turkey Meat Bird,134200
625,Brule,South Dakota,10-06-2022,Commercial Upland Gamebird Producer,500
626,Hampton City,Virginia,10-06-2022,WOAH Non-Poultry,40
627,Fayette,Kentucky,10-06-2022,WOAH Poultry,150
628,Matanuska Susitna,Alaska,10-05-2022,WOAH Poultry,10
629,New Haven,Connecticut,10-05-2022,WOAH Non-Poultry,50
630,Monroe,Pennsylvania,10-05-2022,WOAH Non-Poultry,40
631,Matanuska Susitna,Alaska,10-05-2022,WOAH Non-Poultry,40
632,Glacier,Montana,10-05-2022,WOAH Non-Poultry,1100
633,Berks,Pennsylvania,10-05-2022,WOAH Non-Poultry,10
634,Jerauld,South Dakota,10-04-2023,Commercial Turkey Meat Bird,47300
635,Box Butte,Nebraska,10-04-2022,WOAH Non-Poultry,100
636,Westmoreland,Pennsylvania,10-04-2022,WOAH Non-Poultry,160
637,Monterey,California,10-04-2022,Commercial Duck Breeder,15100
638,York,Nebraska,10-04-2022,Commercial Upland Gamebird Producer,139500
639,Del Norte,California,10-04-2022,WOAH Poultry,43000
640,Bernalillo,New Mexico,10-04-2022,WOAH Non-Poultry,40
641,Canyon,Idaho,10-03-2024,WOAH Poultry,100
642,Canyon,Idaho,10-03-2023,WOAH Non-Poultry,70
643,Cache,Utah,10-03-2022,WOAH Non-Poultry,320
644,Calaveras,California,10-03-2022,WOAH Non-Poultry,20
645,Portage,Ohio,10-03-2022,WOAH Non-Poultry,50
646,Tuscola,Michigan,10-03-2022,WOAH Poultry,140
647,Stanislaus,California,10-03-2022,Commercial Turkey Meat Bird,51000
648,Nelson,North Dakota,09-30-2022,WOAH Non-Poultry,50
649,Douglas,Oregon,09-30-2022,WOAH Non-Poultry,30
650,York,Pennsylvania,09-29-2022,Commercial Turkey Meat Bird,25900
651,Sanpete,Utah,09-29-2022,Commercial Turkey Meat Bird,19900
652,Lancaster,Pennsylvania,09-29-2022,WOAH Non-Poultry,180
653,Dunn,Wisconsin,09-29-2022,Commercial Turkey Meat Bird,79500
654,Mesa,Colorado,09-29-2022,WOAH Non-Poultry,40
655,Sanpete,Utah,09-29-2022,Commercial Turkey Meat Bird,19300
656,Tillamook,Oregon,09-28-2022,WOAH Non-Poultry,40
657,Racine,Wisconsin,09-28-2022,Commercial Duck Meat Bird,10000
658,Tillamook,Oregon,09-28-2022,WOAH Non-Poultry,10
659,Sanpete,Utah,09-28-2022,Commercial Turkey Meat Bird,24400
660,Lincoln,Idaho,09-27-2024,WOAH Poultry,700
661,Sanpete,Utah,09-27-2022,Commercial Turkey Meat Bird,127200
662,Goodhue,Minnesota,09-27-2022,WOAH Non-Poultry,80
663,Sanpete,Utah,09-27-2022,Commercial Turkey Meat Bird,36700
664,Ransom,North Dakota,09-27-2022,Commercial Turkey Meat Bird,69100
665,Dallas,Texas,09-24-2022,WOAH Non-Poultry,60
666,Kent,Delaware,09-24-2022,WOAH Non-Poultry,10
667,Mcpherson,South Dakota,09-24-2022,Commercial Turkey Meat Bird,56900
668,Kent,Delaware,09-24-2022,WOAH Non-Poultry,30
669,Merrimack,New Hampshire,09-23-2022,WOAH Poultry,250
670,Anne Arundel,Maryland,09-22-2022,WOAH Non-Poultry,4
671,Todd,Minnesota,09-22-2022,WOAH Non-Poultry,50
672,Kingsbury,South Dakota,09-22-2022,WOAH Non-Poultry,250
673,Ward,North Dakota,09-22-2022,WOAH Poultry,60
674,Weld,Colorado,09-21-2022,Commercial Table Egg Layer,1150000
675,Sanpete,Utah,09-21-2022,Commercial Turkey Meat Bird,11100
676,Gooding,Idaho,09-21-2022,Commercial Upland Gamebird Producer,9000
677,Roseau,Minnesota,09-21-2022,Commercial Turkey Meat Bird,116000
678,Otter Tail,Minnesota,09-21-2022,Commercial Turkey Meat Bird,5900
679,Clark,South Dakota,09-20-2022,Commercial Turkey Meat Bird,41700
680,Clark,South Dakota,09-20-2022,Commercial Turkey Meat Bird,23900
681,Washington,Pennsylvania,09-20-2022,WOAH Poultry,1800
682,Stearns,Minnesota,09-20-2022,Commercial Turkey Meat Bird,64600
683,Sanpete,Utah,09-20-2022,Commercial Turkey Meat Bird,73200
684,Fresno,California,09-20-2022,WOAH Non-Poultry,100
685,Brown,Minnesota,09-20-2022,Commercial Turkey Meat Bird,43000
686,Macomb,Michigan,09-19-2022,WOAH Non-Poultry,40
687,Dawes,Nebraska,09-19-2022,WOAH Non-Poultry,40
688,Merced,California,09-18-2024,Commercial Turkey Meat Bird,64800
689,Orange,Florida,09-18-2024,Live Bird Market,2500
690,Pierce,Washington,09-16-2022,WOAH Non-Poultry,30
691,Union,New Jersey,09-15-2023,Live Bird Market,520
692,Summit,Ohio,09-15-2022,WOAH Non-Poultry,6
693,Obion,Tennessee,09-15-2022,WOAH Poultry,130
694,Fresno,California,09-15-2022,Commercial Broiler Breeder,15900
695,Bristol,Massachusetts,09-15-2022,WOAH Non-Poultry,50
696,Teton,Montana,09-15-2022,WOAH Poultry,2800
697,Isanti,Minnesota,09-14-2022,WOAH Non-Poultry,4
698,Meeker,Minnesota,09-14-2022,Commercial Turkey Meat Bird,61400
699,Williams,Ohio,09-14-2022,WOAH Non-Poultry,60
700,Otter Tail,Minnesota,09-14-2022,Commercial Turkey Breeder Hens,7900
701,Allen,Ohio,09-14-2022,WOAH Non-Poultry,2
702,Freeborn,Minnesota,09-13-2022,WOAH Non-Poultry,320
703,Stearns,Minnesota,09-13-2022,Commercial Turkey Meat Bird,69400
704,Ingham,Michigan,09-13-2022,WOAH Poultry,20
705,Sanpete,Utah,09-13-2022,Commercial Turkey Meat Bird,5800
706,Brown,Minnesota,09-13-2022,Commercial Turkey Meat Bird,43700
707,Twin Falls,Idaho,09-12-2022,WOAH Non-Poultry,40
708,Becker,Minnesota,09-09-2022,Commercial Turkey Breeder Hens,17100
709,El Dorado,California,09-09-2022,WOAH Non-Poultry,150
710,Fresno,California,09-09-2022,Commercial Broiler Breeder,23900
711,Meeker,Minnesota,09-08-2022,Commercial Turkey Meat Bird,34200
712,Morrison,Minnesota,09-07-2022,Commercial Turkey Meat Bird,50200
713,Ashland,Ohio,09-03-2022,WOAH Non-Poultry,640
714,Defiance,Ohio,09-03-2022,Commercial Table Egg Layer,3748500
715,Washington,Wisconsin,09-02-2022,WOAH Poultry,120
716,Cass,North Dakota,09-01-2022,WOAH Non-Poultry,6
717,Sacramento,California,09-01-2022,WOAH Non-Poultry,20
718,Elkhart,Indiana,09-01-2022,WOAH Poultry,260
719,Hennepin,Minnesota,09-01-2022,WOAH Non-Poultry,10
720,Tuolumne,California,09-01-2022,Commercial Turkey Meat Bird,30800
721,Fresno,California,09-01-2022,Commercial Broiler Breeder,22900
722,Meeker,Minnesota,08-30-2022,Commercial Turkey Meat Bird,52000
723,Meeker,Minnesota,08-30-2022,Commercial Turkey Meat Bird,126400
724,Tuolumne,California,08-30-2022,Commercial Turkey Meat Bird,91000
725,Tuolumne,California,08-30-2022,Commercial Turkey Meat Bird,7400
726,Sacramento,California,08-30-2022,Commercial Turkey Meat Bird,97000
727,Caroline,Virginia,08-29-2022,WOAH Non-Poultry,110
728,Fresno,California,08-26-2022,Commercial Broiler Breeder,34800
729,Tuolumne,California,08-26-2022,Commercial Turkey Meat Bird,161700
730,Cowlitz,Washington,08-26-2022,WOAH Non-Poultry,20
731,Pierce,Washington,08-25-2022,WOAH Non-Poultry,70
732,Weber,Utah,08-24-2022,WOAH Non-Poultry,20
733,Contra Costa,California,08-23-2022,WOAH Non-Poultry,60
734,Henry,Georgia,08-22-2022,WOAH Non-Poultry,80
735,Fresno,California,08-22-2022,Commercial Broiler Breeder,33900
736,Hillsborough,Florida,08-20-2024,Live Bird Market,880
737,Kitsap,Washington,08-19-2022,WOAH Non-Poultry,10
738,Walla Walla,Washington,08-18-2022,WOAH Non-Poultry,2
739,Osceola,Florida,08-16-2022,WOAH Non-Poultry,10
740,Butte,California,08-16-2022,WOAH Non-Poultry,1100
741,Northampton,Pennsylvania,08-11-2022,WOAH Poultry,90
742,Sacramento,California,08-10-2022,WOAH Non-Poultry,40
743,Miami-dade,Florida,08-05-2024,WOAH Poultry,5400
744,Kings,New York,08-03-2023,Live Bird Market,800
745,Bethel,Alaska,08-02-2022,WOAH Non-Poultry,20
746,Kings,New York,07-28-2023,Live Bird Market,490
747,Coos,Oregon,07-28-2022,WOAH Non-Poultry,20
748,Sanpete,Utah,07-26-2022,Commercial Turkey Meat Bird,12700
749,Jefferson,Washington,07-26-2022,WOAH Non-Poultry,80
750,Flathead,Montana,07-26-2022,WOAH Non-Poultry,7
751,Kings,New York,07-25-2023,Live Bird Market,570
752,Hendry,Florida,07-24-2024,WOAH Non-Poultry,5
753,Deschutes,Oregon,07-22-2022,WOAH Non-Poultry,120
754,Deschutes,Oregon,07-22-2022,WOAH Non-Poultry,90
755,Deschutes,Oregon,07-21-2022,WOAH Poultry,60
756,Seminole,Florida,07-21-2022,WOAH Non-Poultry,160
757,Miami-dade,Florida,07-19-2024,Live Bird Market,80
758,Miami-dade,Florida,07-19-2024,Live Bird Market,320
759,Miami-dade,Florida,07-19-2024,Live Bird Market,390
760,Weld,Colorado,07-19-2024,Commercial Table Egg Pullets,300800
761,Snohomish,Washington,07-19-2022,WOAH Poultry,340
762,Deschutes,Oregon,07-19-2022,WOAH Poultry,100
763,Sanpete,Utah,07-19-2022,Commercial Turkey Meat Bird,23300
764,Weld,Colorado,07-16-2024,Commercial Table Egg Layer,1313800
765,Deschutes,Oregon,07-15-2022,WOAH Poultry,60
766,Sanpete,Utah,07-14-2022,Commercial Turkey Meat Bird,15500
767,Deschutes,Oregon,07-12-2022,WOAH Poultry,100
768,Twin Falls,Idaho,07-11-2024,WOAH Non-Poultry,30
769,Kandiyohi,Minnesota,07-09-2024,Commercial Turkey Breeder Hens,21900
770,Kandiyohi,Minnesota,07-09-2024,Commercial Turkey Breeder Toms,4200
771,Renville,Minnesota,07-09-2024,Commercial Turkey Breeder Hens,15400
772,Weld,Colorado,07-08-2024,Commercial Table Egg Layer,1790800
773,Carson City,Nevada,07-07-2022,WOAH Non-Poultry,40
774,Linn,Oregon,07-06-2022,WOAH Non-Poultry,40
775,Jefferson,Washington,07-06-2022,WOAH Non-Poultry,20
776,Kitsap,Washington,07-01-2022,WOAH Non-Poultry,6
777,King,Washington,07-01-2022,WOAH Poultry,220
778,Salt Lake,Utah,07-01-2022,WOAH Non-Poultry,20
779,Cumberland,Maine,06-29-2022,WOAH Non-Poultry,20
780,Yakima,Washington,06-29-2022,WOAH Non-Poultry,6
781,Morgan,Colorado,06-27-2024,WOAH Non-Poultry,40
782,Otter Tail,Minnesota,06-27-2024,Commercial Turkey Meat Bird,67400
783,Swift,Minnesota,06-27-2024,Commercial Turkey Meat Bird,25300
784,Larimer,Colorado,06-26-2024,WOAH Non-Poultry,10
785,Stearns,Minnesota,06-24-2024,WOAH Non-Poultry,310
786,Pierce,Washington,06-24-2022,WOAH Non-Poultry,50
787,King,Washington,06-22-2022,WOAH Non-Poultry,9
788,King,Washington,06-22-2022,WOAH Non-Poultry,3
789,Snohomish,Washington,06-22-2022,WOAH Non-Poultry,200
790,Yakima,Washington,06-22-2022,WOAH Non-Poultry,90
791,Sac,Iowa,06-21-2024,Commercial Turkey Meat Bird,46100
792,Swift,Minnesota,06-18-2024,Commercial Turkey Meat Bird,113600
793,Pipestone,Minnesota,06-18-2024,Commercial Turkey Meat Bird,70800
794,Yakima,Washington,06-14-2022,WOAH Non-Poultry,30
795,Stearns,Minnesota,06-13-2024,Commercial Turkey Meat Bird,32900
796,Salt Lake,Utah,06-13-2022,WOAH Non-Poultry,70
797,Lyon,Minnesota,06-12-2024,Commercial Turkey Meat Bird,89500
798,Jerome,Idaho,06-10-2024,WOAH Non-Poultry,30
799,Yakima,Washington,06-09-2022,WOAH Non-Poultry,70
800,Weld,Colorado,06-09-2022,Commercial Table Egg Pullets,205000
801,Snohomish,Washington,06-09-2022,WOAH Non-Poultry,30
802,Snohomish,Washington,06-09-2022,WOAH Non-Poultry,9
803,Allen,Indiana,06-09-2022,WOAH Non-Poultry,40
804,Polk,Oregon,06-08-2022,WOAH Non-Poultry,90
805,Weld,Colorado,06-07-2022,Commercial Table Egg Layer,1936800
806,Allen,Indiana,06-07-2022,WOAH Poultry,110
807,King,Washington,06-07-2022,WOAH Poultry,50
808,Mchenry,North Dakota,06-06-2022,WOAH Poultry,30
809,Cherokee,Iowa,06-03-2024,Commercial Turkey Meat Bird,100000
810,Berks,Pennsylvania,06-02-2022,Commercial Duck Meat Bird,30100
811,Snohomish,Washington,06-02-2022,WOAH Non-Poultry,30
812,Toombs,Georgia,06-01-2022,WOAH Non-Poultry,490
813,Richland,South Carolina,05-31-2024,WOAH Non-Poultry,30
814,Stearns,Minnesota,05-31-2024,Commercial Turkey Meat Bird,43000
815,Becker,Minnesota,05-31-2022,WOAH Non-Poultry,40
816,Stearns,Minnesota,05-29-2024,Commercial Turkey Meat Bird,32400
817,Sioux,Iowa,05-28-2024,Commercial Table Egg Layer,4287400
818,Snohomish,Washington,05-27-2022,WOAH Non-Poultry,40
819,King,Washington,05-25-2022,WOAH Non-Poultry,20
820,King,Washington,05-24-2022,WOAH Non-Poultry,180
821,Ada,Idaho,05-24-2022,WOAH Non-Poultry,30
822,King,Washington,05-24-2022,WOAH Non-Poultry,7
823,Berks,Pennsylvania,05-23-2022,Commercial Duck Breeder,4700
824,Bayfield,Wisconsin,05-23-2022,WOAH Non-Poultry,40
825,Morrison,Minnesota,05-21-2024,Commercial Turkey Meat Bird,51900
826,Stearns,Minnesota,05-21-2024,Commercial Turkey Meat Bird,17100
827,Stearns,Minnesota,05-21-2024,Commercial Turkey Breeder Hens,6800
828,Meeker,Minnesota,05-21-2024,Commercial Table Egg Layer,1368800
829,Stearns,Minnesota,05-21-2024,Commercial Turkey Meat Bird,7000
830,Dakota,Minnesota,05-21-2022,Commercial Turkey Meat Bird,54400
831,Jerome,Idaho,05-20-2024,WOAH Poultry,80
832,Codington,South Dakota,05-20-2022,WOAH Poultry,80
833,Ada,Idaho,05-20-2022,WOAH Non-Poultry,7
834,Polk,Minnesota,05-20-2022,WOAH Non-Poultry,50
835,Campbell,Wyoming,05-20-2022,WOAH Non-Poultry,30
836,Ada,Idaho,05-19-2022,WOAH Non-Poultry,30
837,Jefferson,Colorado,05-19-2022,WOAH Non-Poultry,10
838,Allen,Indiana,05-19-2022,WOAH Non-Poultry,7
839,Ada,Idaho,05-19-2022,WOAH Poultry,70
840,Canyon,Idaho,05-19-2022,WOAH Non-Poultry,10
841,Canyon,Idaho,05-19-2022,WOAH Non-Poultry,10
842,Phelps,Missouri,05-18-2023,WOAH Non-Poultry,80
843,Rowan,North Carolina,05-18-2023,WOAH Non-Poultry,30
844,Canyon,Idaho,05-18-2022,WOAH Poultry,6
845,Kandiyohi,Minnesota,05-18-2022,Commercial Turkey Breeder Toms,4700
846,Ada,Idaho,05-18-2022,WOAH Non-Poultry,6
847,Clay,Minnesota,05-18-2022,WOAH Non-Poultry,20
848,Canyon,Idaho,05-18-2022,WOAH Poultry,160
849,Berks,Pennsylvania,05-18-2022,Commercial Duck Breeder,7200
850,Canyon,Idaho,05-18-2022,WOAH Non-Poultry,10
851,Salt Lake,Utah,05-17-2022,WOAH Non-Poultry,30
852,Canyon,Idaho,05-17-2022,WOAH Poultry,30
853,Monmouth,New Jersey,05-17-2022,WOAH Poultry,60
854,Canyon,Idaho,05-17-2022,WOAH Non-Poultry,50
855,Ada,Idaho,05-17-2022,WOAH Non-Poultry,20
856,Boone,Illinois,05-17-2022,WOAH Non-Poultry,20
857,Lane,Oregon,05-17-2022,WOAH Poultry,450
858,Berks,Pennsylvania,05-17-2022,Commercial Table Egg Layer,79000
859,Ada,Idaho,05-17-2022,WOAH Poultry,9
860,Canyon,Idaho,05-17-2022,WOAH Poultry,30
861,Burke,North Dakota,05-17-2022,WOAH Non-Poultry,50
862,Thurston,Washington,05-17-2022,WOAH Non-Poultry,410
863,Dunn,Wisconsin,05-16-2022,WOAH Non-Poultry,150
864,Berks,Pennsylvania,05-14-2022,Commercial Table Egg Breeder,83700
865,Barron,Wisconsin,05-13-2022,Commercial Turkey Meat Bird,10500
866,Lincoln,Wyoming,05-13-2022,WOAH Non-Poultry,40
867,Canyon,Idaho,05-13-2022,WOAH Non-Poultry,9
868,Ada,Idaho,05-13-2022,WOAH Non-Poultry,60
869,Sheridan,Wyoming,05-13-2022,WOAH Non-Poultry,20
870,Marinette,Wisconsin,05-13-2022,WOAH Non-Poultry,90
871,Ada,Idaho,05-12-2022,WOAH Non-Poultry,10
872,Okanogan,Washington,05-12-2022,WOAH Non-Poultry,20
873,Chisago,Minnesota,05-12-2022,WOAH Non-Poultry,40
874,Whatcom,Washington,05-12-2022,WOAH Non-Poultry,80
875,Grant,Minnesota,05-12-2022,WOAH Non-Poultry,310
876,Nobles,Minnesota,05-11-2023,WOAH Non-Poultry,100
877,Clallam,Washington,05-11-2022,WOAH Non-Poultry,10
878,Pierce,Washington,05-11-2022,WOAH Non-Poultry,20
879,Ada,Idaho,05-11-2022,WOAH Non-Poultry,4
880,Clallam,Washington,05-11-2022,WOAH Non-Poultry,10
881,Cache,Utah,05-11-2022,WOAH Non-Poultry,20
882,Chisago,Minnesota,05-11-2022,WOAH Poultry,160
883,Jerome,Idaho,05-10-2024,WOAH Poultry,1100
884,Ionia,Michigan,05-10-2024,WOAH Non-Poultry,90
885,Jerome,Idaho,05-10-2024,WOAH Non-Poultry,20
886,Muskegon,Michigan,05-10-2022,Commercial Turkey Meat Bird,35100
887,Todd,Minnesota,05-10-2022,WOAH Non-Poultry,50
888,Ada,Idaho,05-10-2022,WOAH Poultry,70
889,Berks,Pennsylvania,05-10-2022,Commercial Duck Meat Bird,37300
890,Berks,Pennsylvania,05-10-2022,Commercial Duck Breeder,23800
891,Pierce,Washington,05-10-2022,WOAH Non-Poultry,20
892,Crow Wing,Minnesota,05-10-2022,WOAH Poultry,150
893,Lancaster,Pennsylvania,05-10-2022,Commercial Table Egg Layer,72300
894,San Francisco,California,05-09-2024,Live Bird Market,700
895,Canyon,Idaho,05-09-2022,WOAH Poultry,50
896,Spokane,Washington,05-07-2022,WOAH Non-Poultry,80
897,Barron,Wisconsin,05-07-2022,Commercial Turkey Meat Bird,20100
898,Cassia,Idaho,05-06-2024,WOAH Non-Poultry,600
899,Oakland,Michigan,05-06-2022,WOAH Non-Poultry,50
900,Anoka,Minnesota,05-06-2022,WOAH Non-Poultry,10
901,Fergus,Montana,05-06-2022,WOAH Non-Poultry,20
902,Posey,Indiana,05-05-2023,WOAH Non-Poultry,20
903,Linn,Oregon,05-05-2022,WOAH Non-Poultry,90
904,Pacific,Washington,05-05-2022,WOAH Poultry,40
905,Pierce,Wisconsin,05-05-2022,WOAH Non-Poultry,30
906,Carver,Minnesota,05-04-2022,WOAH Non-Poultry,30
907,Bremer,Iowa,05-04-2022,WOAH Non-Poultry,50
908,Hamlin,South Dakota,05-04-2022,WOAH Non-Poultry,20
909,Day,South Dakota,05-04-2022,WOAH Poultry,80
910,Berks,Pennsylvania,05-03-2022,Commercial Duck Meat Bird,74300
911,Fond Du Lac,Wisconsin,05-03-2022,WOAH Non-Poultry,20
912,Beadle,South Dakota,05-03-2022,Commercial Turkey Meat Bird,56200
913,Polk,Wisconsin,05-03-2022,WOAH Non-Poultry,120
914,Chisago,Minnesota,05-03-2022,WOAH Non-Poultry,30
915,Kane,Illinois,05-03-2022,WOAH Non-Poultry,50
916,Barron,Wisconsin,05-03-2022,Commercial Turkey Meat Bird,46700
917,Sauk,Wisconsin,05-03-2022,WOAH Non-Poultry,40
918,Lyon,Minnesota,05-03-2022,Commercial Turkey Meat Bird,120300
919,Berks,Pennsylvania,05-03-2022,Commercial Duck Breeder,29600
920,Barron,Wisconsin,05-03-2022,Commercial Turkey Meat Bird,19300
921,Gratiot,Michigan,05-02-2024,Commercial Turkey Meat Bird,26400
922,Dodge,Minnesota,05-02-2024,Commercial Breeder Operation,14100
923,Aurora,South Dakota,04-30-2025,Commercial Table Egg Layer,700000
924,Clay,Florida,04-30-2024,WOAH Non-Poultry,20
925,Chisago,Minnesota,04-30-2022,WOAH Non-Poultry,60
926,Morrison,Minnesota,04-30-2022,WOAH Non-Poultry,50
927,Chisago,Minnesota,04-30-2022,WOAH Non-Poultry,30
928,Branch,Michigan,04-30-2022,WOAH Non-Poultry,20
929,Sequoyah,Oklahoma,04-30-2022,Commercial Broiler Breeder,13800
930,Washington,Nebraska,04-29-2022,WOAH Non-Poultry,50
931,Gallatin,Montana,04-29-2022,WOAH Non-Poultry,20
932,Fergus,Montana,04-29-2022,WOAH Non-Poultry,110
933,Weld,Colorado,04-29-2022,Commercial Table Egg Layer,1366200
934,Lancaster,Pennsylvania,04-29-2022,Commercial Duck Meat Bird,19300
935,Oconto,Wisconsin,04-29-2022,WOAH Non-Poultry,220
936,Stearns,Minnesota,04-29-2022,Commercial Turkey Breeder Hens,9600
937,Barron,Wisconsin,04-29-2022,WOAH Non-Poultry,150
938,Pondera,Montana,04-29-2022,WOAH Non-Poultry,2000
939,Matanuska Susitna,Alaska,04-29-2022,WOAH Non-Poultry,30
940,Carver,Minnesota,04-28-2022,WOAH Non-Poultry,20
941,Barron,Wisconsin,04-28-2022,Commercial Turkey Meat Bird,110700
942,Caledonia,Vermont,04-28-2022,WOAH Non-Poultry,30
943,Johnson,Indiana,04-28-2022,WOAH Non-Poultry,40
944,Wexford,Michigan,04-28-2022,WOAH Poultry,70
945,Swift,Minnesota,04-28-2022,WOAH Non-Poultry,20
946,Saginaw,Michigan,04-27-2022,WOAH Non-Poultry,80
947,Knox,Nebraska,04-27-2022,Commercial Table Egg Layer,2118000
948,Lancaster,Pennsylvania,04-27-2022,Commercial Broiler Breeder Pullets,18100
949,Republic,Kansas,04-27-2022,WOAH Poultry,110
950,Gratiot,Michigan,04-26-2024,Commercial Turkey Meat Bird,27700
951,Missoula,Montana,04-26-2022,WOAH Non-Poultry,70
952,Richland,North Dakota,04-26-2022,WOAH Poultry,20
953,Kossuth,Iowa,04-26-2022,WOAH Non-Poultry,4
954,Lancaster,Pennsylvania,04-26-2022,Commercial Table Egg Layer,307400
955,Cassia,Idaho,04-25-2024,WOAH Non-Poultry,40
956,Rice,Minnesota,04-25-2022,WOAH Non-Poultry,90
957,Menominee,Michigan,04-25-2022,WOAH Non-Poultry,40
958,Stearns,Minnesota,04-25-2022,Commercial Turkey Meat Bird,14600
959,Cache,Utah,04-25-2022,Commercial Table Egg Layer,1501200
960,Queens,New York,04-24-2025,Live Bird Market,0
961,Stutsman,North Dakota,04-24-2025,WOAH Poultry,50
962,Ottawa,Michigan,04-24-2024,Commercial Turkey Meat Bird,104000
963,Routt,Colorado,04-24-2023,WOAH Non-Poultry,20
964,Stearns,Minnesota,04-23-2025,WOAH Non-Poultry,4
965,Polk,Wisconsin,04-23-2022,WOAH Non-Poultry,40
966,Yellow Medicine,Minnesota,04-22-2022,Commercial Turkey Meat Bird,49500
967,Lancaster,Pennsylvania,04-22-2022,Commercial Broiler Production,50300
968,Otter Tail,Minnesota,04-22-2022,Commercial Turkey Meat Bird,27300
969,Swift,Minnesota,04-22-2022,Commercial Turkey Meat Bird,127400
970,Todd,Minnesota,04-21-2022,Commercial Turkey Meat Bird,37000
971,Richland,North Dakota,04-21-2022,Commercial Turkey Meat Bird,27500
972,Bremer,Iowa,04-21-2022,Commercial Turkey Meat Bird,29200
973,Renville,North Dakota,04-21-2022,WOAH Non-Poultry,70
974,Morrison,Minnesota,04-21-2022,Commercial Turkey Meat Bird,40900
975,Todd,Minnesota,04-21-2022,Commercial Turkey Meat Bird,19700
976,Glacier,Montana,04-20-2022,WOAH Poultry,54200
977,Todd,Minnesota,04-20-2022,Commercial Turkey Meat Bird,30300
978,Madison,Idaho,04-20-2022,WOAH Poultry,200
979,Stearns,Minnesota,04-20-2022,Commercial Turkey Meat Bird,72000
980,Elkhart,Indiana,04-20-2022,Commercial Duck Meat Bird,6600
981,Stearns,Minnesota,04-20-2022,Commercial Turkey Meat Bird,62800
982,Lancaster,Pennsylvania,04-20-2022,Commercial Table Egg Layer,1127700
983,Todd,Minnesota,04-20-2022,Commercial Turkey Meat Bird,30100
984,Lancaster,Pennsylvania,04-20-2022,Commercial Table Egg Layer,879400
985,Beadle,South Dakota,04-19-2023,Commercial Turkey Meat Bird,75800
986,Dickey,North Dakota,04-19-2023,Commercial Turkey Meat Bird,58500
987,Morrison,Minnesota,04-19-2022,Commercial Turkey Meat Bird,47700
988,Kandiyohi,Minnesota,04-19-2022,Commercial Turkey Meat Bird,35700
989,Montrose,Colorado,04-19-2022,Commercial Broiler Breeder,58000
990,Meeker,Minnesota,04-19-2022,Commercial Turkey Meat Bird,53000
991,Kandiyohi,Minnesota,04-19-2022,Commercial Turkey Meat Bird,38700
992,Otter Tail,Minnesota,04-19-2022,Commercial Turkey Meat Bird,29700
993,Morrison,Minnesota,04-19-2022,Commercial Turkey Meat Bird,17600
994,Stutsman,North Dakota,04-19-2022,WOAH Poultry,20
995,Morrison,Minnesota,04-19-2022,Commercial Turkey Meat Bird,58100
996,Swift,Minnesota,04-19-2022,Commercial Turkey Meat Bird,31600
997,Gooding,Idaho,04-19-2022,WOAH Non-Poultry,80
998,La Plata,Colorado,04-19-2022,WOAH Poultry,40
999,Queens,New York,04-18-2025,Live Bird Market,930
1000,Kings,New York,04-18-2023,Live Bird Market,1400
1001,Newaygo,Michigan,04-17-2024,Commercial Turkey Meat Bird,67200
1002,Roosevelt,New Mexico,04-17-2024,Commercial Breeder (Multiple Bird Species),51800
1003,Bonneville,Idaho,04-17-2023,WOAH Non-Poultry,40
1004,Moffat,Colorado,04-17-2023,WOAH Non-Poultry,80
1005,Putnam,New York,04-17-2023,WOAH Poultry,110
1006,Ionia,Michigan,04-16-2024,Commercial Table Egg Layer,2422700
1007,Menominee,Michigan,04-16-2022,WOAH Non-Poultry,30
1008,Miami-dade,Florida,04-15-2024,Live Bird Market,90
1009,Roosevelt,New Mexico,04-15-2024,Commercial Breeder (Multiple Bird Species),15900
1010,Polk,Wisconsin,04-15-2022,Commercial Turkey Meat Bird,22000
1011,Utah,Utah,04-15-2022,WOAH Non-Poultry,7
1012,Lancaster,Pennsylvania,04-15-2022,Commercial Table Egg Layer,1380500
1013,Macomb,Michigan,04-15-2022,WOAH Non-Poultry,40
1014,Livingston,Michigan,04-15-2022,WOAH Non-Poultry,20
1015,Darke,Ohio,04-14-2025,Commercial Table Egg Layer,293300
1016,Queens,New York,04-14-2025,Live Bird Market,390
1017,Sheridan,Nebraska,04-14-2023,WOAH Non-Poultry,10
1018,Rosebud,Montana,04-14-2023,WOAH Non-Poultry,0
1019,Gooding,Idaho,04-14-2022,WOAH Poultry,20
1020,Blue Earth,Minnesota,04-14-2022,Commercial Turkey Meat Bird,26400
1021,Caribou,Idaho,04-14-2022,WOAH Non-Poultry,7
1022,Lamoure,North Dakota,04-14-2022,WOAH Non-Poultry,10
1023,Sheboygan,Wisconsin,04-14-2022,WOAH Non-Poultry,20
1024,Columbia,Wisconsin,04-14-2022,WOAH Non-Poultry,70
1025,Meeker,Minnesota,04-14-2022,Commercial Turkey Meat Bird,73200
1026,Elkhart,Indiana,04-14-2022,Commercial Duck Breeder,6400
1027,Benton,Minnesota,04-13-2022,WOAH Non-Poultry,7
1028,Otter Tail,Minnesota,04-13-2022,Commercial Turkey Meat Bird,35700
1029,Blue Earth,Minnesota,04-13-2022,Commercial Turkey Meat Bird,22700
1030,Menominee,Michigan,04-13-2022,WOAH Poultry,350
1031,Barnes,North Dakota,04-13-2022,WOAH Poultry,90
1032,Deuel,South Dakota,04-13-2022,Commercial Upland Gamebird Producer,1400
1033,Mcpherson,Kansas,04-13-2022,Commercial Turkey Breeder Hens,6900
1034,Waseca,Minnesota,04-13-2022,Commercial Turkey Meat Bird,20300
1035,Roosevelt,New Mexico,04-12-2024,Commercial Breeder (Multiple Bird Species),61500
1036,Modoc,California,04-12-2023,WOAH Non-Poultry,60
1037,Pueblo,Colorado,04-12-2023,WOAH Non-Poultry,30
1038,Putnam,New York,04-12-2023,WOAH Poultry,200
1039,Morrison,Minnesota,04-12-2022,Commercial Broiler Production,42900
1040,Kandiyohi,Minnesota,04-12-2022,Commercial Turkey Meat Bird,37100
1041,Sheridan,North Dakota,04-12-2022,WOAH Non-Poultry,30
1042,Toole,Montana,04-12-2022,WOAH Non-Poultry,20
1043,Dixon,Nebraska,04-12-2022,Commercial Table Egg Layer,1746900
1044,Morrison,Minnesota,04-12-2022,Commercial Turkey Meat Bird,37600
1045,Barron,Wisconsin,04-12-2022,Commercial Turkey Meat Bird,46500
1046,Morrison,Minnesota,04-12-2022,Commercial Table Egg Layer,216200
1047,Wayne,North Carolina,04-12-2022,Commercial Broiler Production,89700
1048,Yellow Medicine,Minnesota,04-12-2022,Commercial Turkey Meat Bird,44800
1049,Benton,Minnesota,04-12-2022,WOAH Non-Poultry,130
1050,Jefferson,New York,04-11-2025,WOAH Non-Poultry,200
1051,Hardin,Iowa,04-11-2025,WOAH Non-Poultry,410
1052,Queens,New York,04-11-2025,Live Bird Market,240
1053,Meeker,Minnesota,04-11-2024,Commercial Turkey Meat Bird,68500
1054,Menominee,Michigan,04-11-2022,WOAH Non-Poultry,70
1055,Grant,Kansas,04-10-2024,WOAH Poultry,17700
1056,Mitchell,Kansas,04-10-2023,WOAH Non-Poultry,30
1057,Roosevelt,New Mexico,04-09-2025,WOAH Non-Poultry,9
1058,Ionia,Michigan,04-09-2024,Commercial Table Egg Layer,2147500
1059,Swift,Minnesota,04-09-2022,Commercial Turkey Meat Bird,130900
1060,Le Sueur,Minnesota,04-09-2022,Commercial Turkey Meat Bird,37800
1061,Stearns,Minnesota,04-09-2022,Commercial Turkey Meat Bird,26100
1062,Yankton,South Dakota,04-09-2022,Commercial Turkey Meat Bird,76100
1063,Queens,New York,04-08-2025,Live Bird Market,0
1064,Curry,New Mexico,04-08-2025,WOAH Poultry,200
1065,Beadle,South Dakota,04-08-2025,Commercial Turkey Meat Bird,33400
1066,Stutsman,North Dakota,04-08-2022,WOAH Poultry,40
1067,Edmunds,South Dakota,04-08-2022,Commercial Turkey Meat Bird,36400
1068,Elkhart,Indiana,04-08-2022,Commercial Duck Breeder,4700
1069,Pitkin,Colorado,04-08-2022,WOAH Poultry,30
1070,Clark,South Dakota,04-08-2022,Commercial Turkey Meat Bird,38700
1071,Renville,Minnesota,04-08-2022,Commercial Turkey Meat Bird,76400
1072,Otter Tail,Minnesota,04-08-2022,Commercial Turkey Meat Bird,29900
1073,Sheboygan,Wisconsin,04-07-2025,WOAH Poultry,38900
1074,Queens,New York,04-07-2025,Live Bird Market,300
1075,Cascade,Montana,04-07-2022,WOAH Poultry,22000
1076,Wayne,North Carolina,04-07-2022,Commercial Turkey Meat Bird,18500
1077,Racine,Wisconsin,04-07-2022,WOAH Poultry,220
1078,Kandiyohi,Minnesota,04-07-2022,Commercial Turkey Breeder Hens,20800
1079,Judith Basin,Montana,04-07-2022,WOAH Non-Poultry,20
1080,Dade,Missouri,04-06-2022,Commercial Turkey Meat Bird,14000
1081,Wayne,North Carolina,04-06-2022,Commercial Broiler Production,65600
1082,Park,Wyoming,04-06-2022,WOAH Non-Poultry,100
1083,Fulton,New York,04-06-2022,WOAH Non-Poultry,4
1084,Mcpherson,South Dakota,04-06-2022,Commercial Turkey Meat Bird,45900
1085,Wayne,North Carolina,04-06-2022,Commercial Broiler Production,216000
1086,Waseca,Minnesota,04-06-2022,Commercial Turkey Meat Bird,17900
1087,Queens,New York,04-05-2023,Live Bird Market,1300
1088,Big Stone,Minnesota,04-05-2022,Commercial Turkey Meat Bird,49500
1089,Morrison,Minnesota,04-05-2022,Commercial Turkey Meat Bird,26200
1090,Wayne,North Carolina,04-05-2022,Commercial Turkey Meat Bird,14200
1091,Spink,South Dakota,04-05-2022,Commercial Turkey Meat Bird,26300
1092,Faulk,South Dakota,04-05-2022,Commercial Turkey Meat Bird,48000
1093,Hardin,Iowa,04-05-2022,Commercial Turkey Meat Bird,46000
1094,Waseca,Minnesota,04-05-2022,Commercial Turkey Meat Bird,25500
1095,Stearns,Minnesota,04-05-2022,Commercial Turkey Meat Bird,40800
1096,Morrison,Minnesota,04-05-2022,Commercial Turkey Meat Bird,105300
1097,Meeker,Minnesota,04-05-2022,Commercial Turkey Meat Bird,128500
1098,Beadle,South Dakota,04-05-2022,Commercial Turkey Meat Bird,55600
1099,Clark,South Dakota,04-05-2022,Commercial Turkey Meat Bird,24000
1100,Waldo,Maine,04-05-2022,WOAH Non-Poultry,50
1101,Lawrence,Missouri,04-05-2022,Commercial Turkey Meat Bird,27600
1102,Scotts Bluff,Nebraska,04-05-2022,WOAH Non-Poultry,30
1103,Cass,North Dakota,04-05-2022,WOAH Non-Poultry,110
1104,Orleans,New York,04-05-2022,WOAH Poultry,30
1105,Sheridan,Wyoming,04-05-2022,WOAH Non-Poultry,50
1106,Larimer,Colorado,04-04-2025,WOAH Non-Poultry,20
1107,Kandiyohi,Minnesota,04-04-2022,Commercial Turkey Breeder Hens,20400
1108,Hamilton,Iowa,04-04-2022,Commercial Turkey Poult Supplier,8100
1109,Mcpherson,South Dakota,04-04-2022,Commercial Turkey Meat Bird,61000
1110,Kandiyohi,Minnesota,04-04-2022,Commercial Turkey Meat Bird,38500
1111,Becker,Minnesota,04-04-2022,Commercial Turkey Meat Bird,44700
1112,Morrison,Minnesota,04-04-2022,Commercial Turkey Meat Bird,32400
1113,Lamoure,North Dakota,04-04-2022,Commercial Turkey Meat Bird,50900
1114,Kandiyohi,Minnesota,04-04-2022,Commercial Turkey Breeder Hens,48500
1115,Le Sueur,Minnesota,04-03-2023,WOAH Non-Poultry,100
1116,Le Sueur,Minnesota,04-03-2022,Commercial Turkey Meat Bird,19600
1117,Dodge,Minnesota,04-03-2022,Commercial Turkey Meat Bird,20000
1118,Erath,Texas,04-03-2022,Commercial Upland Gamebird Producer,1700
1119,Queens,New York,04-02-2025,Live Bird Market,40
1120,Ionia,Michigan,04-02-2024,Commercial Table Egg Layer,1928500
1121,Parmer,Texas,04-02-2024,Commercial Table Egg Layer,1894100
1122,Spink,South Dakota,04-02-2022,Commercial Turkey Meat Bird,41800
1123,Sac,Iowa,04-02-2022,Commercial Turkey Meat Bird,37200
1124,Lake,South Dakota,04-02-2022,Commercial Turkey Meat Bird,59000
1125,Johnston,North Carolina,04-02-2022,Commercial Turkey Meat Bird,9500
1126,Humboldt,Iowa,04-02-2022,Commercial Table Egg Breeder,15300
1127,Johnston,North Carolina,04-02-2022,Commercial Turkey Meat Bird,18900
1128,Stearns,Minnesota,04-02-2022,Commercial Turkey Meat Bird,27600
1129,Wayne,North Carolina,04-02-2022,Commercial Turkey Meat Bird,16900
1130,Lamoure,North Dakota,04-02-2022,Commercial Turkey Meat Bird,27400
1131,Delaware,New York,04-01-2025,WOAH Non-Poultry,60
1132,Edmunds,South Dakota,04-01-2022,Commercial Turkey Breeder Replacement Hens,30600
1133,Rock,Wisconsin,04-01-2022,WOAH Non-Poultry,20
1134,Fremont,Wyoming,04-01-2022,WOAH Non-Poultry,50
1135,Charles Mix,South Dakota,04-01-2022,Commercial Turkey Meat Bird,81500
1136,Jasper,Missouri,04-01-2022,Commercial Turkey Meat Bird,35300
1137,Dickey,North Dakota,04-01-2022,Commercial Turkey Meat Bird,60700
1138,Morrison,Minnesota,03-31-2022,Commercial Turkey Meat Bird,52600
1139,Stearns,Minnesota,03-31-2022,WOAH Non-Poultry,150
1140,Osceola,Iowa,03-31-2022,Commercial Table Egg Layer,5011700
1141,Mcpherson,South Dakota,03-31-2022,Commercial Turkey Breeder Hens,26000
1142,Cherokee,Iowa,03-31-2022,Commercial Turkey Meat Bird,88000
1143,Dickey,North Dakota,03-31-2022,WOAH Poultry,30
1144,Carroll,Illinois,03-31-2022,WOAH Non-Poultry,40
1145,Umatilla,Oregon,03-30-2023,WOAH Non-Poultry,50
1146,Brule,South Dakota,03-30-2022,Commercial Turkey Meat Bird,55100
1147,Lincoln,Maine,03-30-2022,WOAH Non-Poultry,3
1148,Park,Wyoming,03-30-2022,WOAH Non-Poultry,40
1149,Buena Vista,Iowa,03-30-2022,Commercial Turkey Meat Bird,35600
1150,Edmunds,South Dakota,03-29-2022,Commercial Turkey Breeder Hens,21900
1151,Bon Homme,South Dakota,03-29-2022,Commercial Turkey Meat Bird,48200
1152,Kandiyohi,Minnesota,03-29-2022,Commercial Turkey Meat Bird,39500
1153,Spink,South Dakota,03-29-2022,Commercial Turkey Meat Bird,45900
1154,Kidder,North Dakota,03-29-2022,WOAH Poultry,30
1155,Johnson,Wyoming,03-29-2022,WOAH Non-Poultry,40
1156,Lac Qui Parle,Minnesota,03-29-2022,Commercial Turkey Meat Bird,22500
1157,Monroe,New York,03-29-2022,WOAH Poultry,400
1158,Knox,Maine,03-29-2022,WOAH Non-Poultry,40
1159,Franklin,Ohio,03-29-2022,WOAH Non-Poultry,8
1160,Johnston,North Carolina,03-29-2022,Commercial Turkey Meat Bird,32100
1161,Berkshire,Massachusetts,03-29-2022,WOAH Non-Poultry,260
1162,Kosciusko,Indiana,03-28-2025,Commercial Table Egg Pullets,21600
1163,Montgomery,Maryland,03-28-2025,WOAH Non-Poultry,10
1164,Guilford,North Carolina,03-28-2024,WOAH Non-Poultry,80
1165,Yuma,Colorado,03-28-2023,WOAH Poultry,310
1166,Hamilton,Iowa,03-28-2022,Commercial Turkey Meat Bird,25800
1167,Guthrie,Iowa,03-28-2022,Commercial Table Egg Layer,1460000
1168,Queens,New York,03-27-2025,Live Bird Market,270
1169,Lancaster,Pennsylvania,03-27-2025,WOAH Poultry,160
1170,Hutchinson,South Dakota,03-27-2022,Commercial Turkey Meat Bird,39200
1171,Clark,South Dakota,03-27-2022,Commercial Turkey Meat Bird,43100
1172,Mcpherson,South Dakota,03-27-2022,Commercial Turkey Meat Bird,43900
1173,Queens,New York,03-26-2025,Live Bird Market,1100
1174,Gentry,Missouri,03-26-2022,WOAH Non-Poultry,140
1175,Washington,Maine,03-26-2022,WOAH Non-Poultry,20
1176,Meeker,Minnesota,03-26-2022,Commercial Turkey Meat Bird,287500
1177,Holt,Nebraska,03-26-2022,WOAH Non-Poultry,50
1178,Bon Homme,South Dakota,03-26-2022,WOAH Non-Poultry,230
1179,Stearns,Minnesota,03-26-2022,Commercial Turkey Meat Bird,23500
1180,Mower,Minnesota,03-26-2022,WOAH Non-Poultry,20
1181,Miami-dade,Florida,03-25-2025,WOAH Non-Poultry,4
1182,Franklin,Iowa,03-25-2022,Commercial Table Egg Pullets,250200
1183,Suffolk,New York,03-25-2022,WOAH Poultry,290
1184,Mitchell,Kansas,03-25-2022,WOAH Non-Poultry,20
1185,Hutchinson,South Dakota,03-25-2022,Commercial Turkey Meat Bird,45800
1186,Ingham,Michigan,03-24-2025,WOAH Non-Poultry,20
1187,Arapahoe,Colorado,03-24-2023,WOAH Non-Poultry,10
1188,Ellsworth,Kansas,03-24-2023,WOAH Non-Poultry,50
1189,Macomb,Michigan,03-24-2022,WOAH Non-Poultry,70
1190,Jerauld,South Dakota,03-24-2022,Commercial Turkey Meat Bird,44000
1191,Buena Vista,Iowa,03-24-2022,Commercial Turkey Meat Bird,53800
1192,Butler,Nebraska,03-24-2022,Commercial Broiler Production,418500
1193,Lapeer,Michigan,03-23-2023,WOAH Poultry,950
1194,Kingsbury,South Dakota,03-23-2022,Commercial Table Egg Layer,120300
1195,Beadle,South Dakota,03-23-2022,Commercial Turkey Meat Bird,49900
1196,Suffolk,New York,03-23-2022,Commercial Upland Gamebird Producer,8500
1197,Edmunds,South Dakota,03-23-2022,Commercial Turkey Breeder Hens,30800
1198,Spink,South Dakota,03-22-2023,Commercial Upland Gamebird Producer,570
1199,Klamath,Oregon,03-22-2023,WOAH Non-Poultry,30
1200,Hale,Texas,03-22-2023,WOAH Non-Poultry,20
1201,Queens,New York,03-22-2023,Live Bird Market,140
1202,Tompkins,New York,03-22-2023,WOAH Poultry,6500
1203,Charles Mix,South Dakota,03-22-2022,Commercial Turkey Meat Bird,53800
1204,Cumberland,Maine,03-22-2022,WOAH Poultry,250
1205,Hanson,South Dakota,03-22-2022,Commercial Turkey Meat Bird,94600
1206,Beadle,South Dakota,03-22-2022,Commercial Turkey Meat Bird,29400
1207,Butler,Nebraska,03-22-2022,Commercial Broiler Production,570000
1208,Franklin,Pennsylvania,03-21-2025,Commercial Turkey Meat Bird,13400
1209,Cass,Missouri,03-21-2025,WOAH Non-Poultry,10
1210,Dutchess,New York,03-21-2025,WOAH Non-Poultry,40
1211,Washington,New York,03-21-2023,WOAH Non-Poultry,50
1212,Hillsborough,Florida,03-21-2023,Live Bird Market,340
1213,Crawford,Illinois,03-20-2025,Commercial Turkey Meat Bird,18300
1214,Atlantic,New Jersey,03-20-2025,WOAH Poultry,100
1215,Onondaga,New York,03-20-2025,Live Bird Market,470
1216,Reno,Kansas,03-20-2025,WOAH Non-Poultry,50
1217,Valencia,New Mexico,03-20-2025,WOAH Non-Poultry,80
1218,Deaf Smith,Texas,03-20-2024,WOAH Non-Poultry,50
1219,Hutchinson,South Dakota,03-20-2022,Commercial Turkey Meat Bird,50400
1220,Warren,Iowa,03-20-2022,WOAH Non-Poultry,10
1221,Bond,Illinois,03-19-2025,WOAH Non-Poultry,8
1222,Gallatin,Montana,03-19-2025,WOAH Non-Poultry,30
1223,York,Maine,03-19-2022,WOAH Non-Poultry,70
1224,Knox,Maine,03-19-2022,WOAH Non-Poultry,20
1225,Jay,Indiana,03-18-2025,Commercial Table Egg Pullets,1340200
1226,Adams,Indiana,03-18-2025,Commercial Duck Breeder,3400
1227,Butler,Kansas,03-18-2025,WOAH Non-Poultry,70
1228,Knox,Maine,03-18-2024,WOAH Non-Poultry,40
1229,Kingsbury,South Dakota,03-18-2022,Commercial Turkey Meat Bird,39200
1230,Dickinson,Kansas,03-18-2022,WOAH Poultry,250
1231,Cecil,Maryland,03-18-2022,Commercial Table Egg Pullets,315400
1232,Hanson,South Dakota,03-18-2022,Commercial Turkey Meat Bird,20200
1233,Woodward,Oklahoma,03-17-2025,WOAH Non-Poultry,110
1234,Buena Vista,Iowa,03-17-2025,Commercial Table Egg Pullets,400000
1235,Lancaster,Pennsylvania,03-17-2023,WOAH Poultry,2500
1236,Kent,Delaware,03-17-2022,Commercial Broiler Production,147800
1237,Lincoln,Maine,03-17-2022,WOAH Non-Poultry,30
1238,Sedgwick,Kansas,03-17-2022,WOAH Non-Poultry,6
1239,Buena Vista,Iowa,03-17-2022,Commercial Table Egg Layer,5347500
1240,Monroe,Mississippi,03-16-2023,WOAH Non-Poultry,30
1241,Maries,Missouri,03-16-2023,WOAH Non-Poultry,10
1242,Lancaster,Pennsylvania,03-16-2023,WOAH Poultry,1600
1243,Chester,Pennsylvania,03-16-2023,Commercial Turkey Meat Bird,11800
1244,Lancaster,Pennsylvania,03-16-2023,WOAH Poultry,2400
1245,Rockingham,New Hampshire,03-16-2022,WOAH Non-Poultry,150
1246,Mifflin,Pennsylvania,03-15-2023,WOAH Non-Poultry,60
1247,Chickasaw,Iowa,03-15-2023,WOAH Non-Poultry,50
1248,Merrick,Nebraska,03-15-2022,WOAH Non-Poultry,90
1249,Ralls,Missouri,03-15-2022,WOAH Non-Poultry,100
1250,Klamath,Oregon,03-14-2024,WOAH Non-Poultry,10
1251,Lancaster,Pennsylvania,03-14-2023,WOAH Poultry,3000
1252,Eaton,Michigan,03-14-2023,WOAH Non-Poultry,20
1253,Lancaster,Pennsylvania,03-14-2023,WOAH Poultry,3900
1254,Lancaster,Pennsylvania,03-14-2023,WOAH Poultry,3000
1255,Lancaster,Pennsylvania,03-14-2023,WOAH Poultry,2400
1256,Lancaster,Pennsylvania,03-14-2023,WOAH Poultry,2400
1257,Jefferson,Wisconsin,03-14-2022,Commercial Table Egg Layer,2750700
1258,York,Maine,03-14-2022,WOAH Non-Poultry,180
1259,Salem,New Jersey,03-13-2025,WOAH Non-Poultry,5
1260,Lehigh,Pennsylvania,03-13-2025,Live Bird Market,350
1261,Anne Arundel,Maryland,03-13-2025,WOAH Non-Poultry,7
1262,Lawrence,Illinois,03-13-2025,Commercial Turkey Meat Bird,15400
1263,Lancaster,Pennsylvania,03-13-2023,WOAH Poultry,6000
1264,Hudson,New Jersey,03-12-2025,Live Bird Market,370
1265,Hudson,New Jersey,03-12-2025,Live Bird Market,760
1266,Grady,Oklahoma,03-12-2025,WOAH Non-Poultry,30
1267,Philadelphia,Pennsylvania,03-12-2025,Live Bird Market,420
1268,Mercer,New Jersey,03-12-2025,Live Bird Market,370
1269,Noxubee,Mississippi,03-12-2025,Commercial Broiler Breeder,47700
1270,Hutchinson,South Dakota,03-12-2024,Commercial Turkey Meat Bird,31200
1271,Lincoln,Maine,03-12-2022,WOAH Non-Poultry,100
1272,Charles Mix,South Dakota,03-12-2022,Commercial Turkey Meat Bird,37500
1273,Dawson,Nebraska,03-11-2025,WOAH Non-Poultry,20
1274,Rensselaer,New York,03-11-2025,WOAH Non-Poultry,50
1275,Dallas,Iowa,03-11-2025,WOAH Non-Poultry,100
1276,Clay,Minnesota,03-11-2024,WOAH Non-Poultry,80
1277,Moore,Texas,03-11-2024,WOAH Non-Poultry,280
1278,Franklin,Kansas,03-11-2022,WOAH Poultry,260
1279,Mclean,Illinois,03-11-2022,WOAH Non-Poultry,40
1280,Queens,New York,03-10-2025,Live Bird Market,1100
1281,Montgomery,Indiana,03-10-2025,WOAH Non-Poultry,20
1282,Weld,Colorado,03-10-2025,WOAH Non-Poultry,20
1283,Kings,New York,03-10-2025,Live Bird Market,0
1284,Cecil,Maryland,03-10-2022,Commercial Table Egg Layer,663400
1285,Taylor,Iowa,03-10-2022,Commercial Table Egg Layer,915900
1286,Lawrence,Missouri,03-09-2022,Commercial Turkey Breeder Replacement Hens,37800
1287,New Castle,Delaware,03-08-2022,Commercial Table Egg Pullets,243900
1288,Queen Anne's,Maryland,03-08-2022,Commercial Broiler Production,139300
1289,Jasper,Missouri,03-08-2022,Commercial Turkey Meat Bird,25000
1290,Richmond,New York,03-07-2025,Live Bird Market,450
1291,Adams,Indiana,03-07-2025,Commercial Duck Breeder,3200
1292,Russell,Kansas,03-07-2025,WOAH Non-Poultry,20
1293,Lancaster,Pennsylvania,03-07-2025,WOAH Poultry,6500
1294,Bronx,New York,03-07-2025,Live Bird Market,1000
1295,Essex,Massachusetts,03-07-2024,WOAH Poultry,70
1296,Rockingham,Virginia,03-07-2023,WOAH Non-Poultry,250
1297,Mercer,Ohio,03-06-2025,Commercial Turkey Meat Bird,22100
1298,Mercer,Ohio,03-06-2025,Commercial Turkey Meat Bird,9500
1299,Kings,New York,03-06-2025,Live Bird Market,70
1300,Monroe,Michigan,03-06-2025,WOAH Non-Poultry,40
1301,Bingham,Idaho,03-06-2023,WOAH Non-Poultry,10
1302,Lancaster,Pennsylvania,03-06-2023,WOAH Poultry,1800
1303,Lancaster,Pennsylvania,03-06-2023,WOAH Poultry,310
1304,Bucks,Pennsylvania,03-06-2023,WOAH Poultry,1700
1305,Lancaster,Pennsylvania,03-06-2023,WOAH Poultry,6000
1306,Buena Vista,Iowa,03-06-2022,Commercial Turkey Meat Bird,49800
1307,Charles Mix,South Dakota,03-05-2022,Commercial Turkey Meat Bird,44100
1308,Will,Illinois,03-04-2025,WOAH Non-Poultry,50
1309,Multnomah,Oregon,03-04-2025,WOAH Non-Poultry,40
1310,Jay,Indiana,03-04-2025,Commercial Table Egg Layer,187200
1311,Lancaster,Pennsylvania,03-04-2023,Commercial Turkey Meat Bird,26600
1312,Lancaster,Pennsylvania,03-04-2023,Commercial Turkey Meat Bird,19600
1313,Chester,Pennsylvania,03-04-2023,WOAH Poultry,6900
1314,Northumberland,Pennsylvania,03-04-2023,WOAH Poultry,680
1315,Lancaster,Pennsylvania,03-04-2023,Commercial Duck Breeder,11300
1316,Bates,Missouri,03-04-2022,WOAH Non-Poultry,50
1317,Cecil,Maryland,03-04-2022,Commercial Table Egg Layer,644000
1318,Stoddard,Missouri,03-04-2022,Commercial Broiler Production,294800
1319,Queens,New York,03-03-2025,Live Bird Market,150
1320,Queens,New York,03-03-2025,Live Bird Market,0
1321,Douglas,Nevada,03-03-2023,WOAH Non-Poultry,20
1322,Chester,Pennsylvania,03-03-2023,WOAH Poultry,5200
1323,Dubois,Indiana,03-02-2022,Commercial Turkey Meat Bird,16500
1324,Pottawattamie,Iowa,03-01-2022,WOAH Non-Poultry,40
1325,New London,Connecticut,03-01-2022,WOAH Non-Poultry,160
1326,Suffolk,New York,02-28-2025,WOAH Non-Poultry,3
1327,Hot Springs,Wyoming,02-28-2025,WOAH Non-Poultry,10
1328,Bernalillo,New Mexico,02-28-2025,WOAH Non-Poultry,50
1329,Dare,North Carolina,02-28-2025,WOAH Non-Poultry,20
1330,Portage,Ohio,02-28-2025,WOAH Non-Poultry,40
1331,Miami-dade,Florida,02-28-2023,Live Bird Market,510
1332,Miami-dade,Florida,02-27-2025,WOAH Poultry,120
1333,Collier,Florida,02-27-2025,WOAH Non-Poultry,30
1334,Stevens,Minnesota,02-27-2024,WOAH Non-Poultry,20
1335,Mahoning,Ohio,02-27-2024,WOAH Non-Poultry,140
1336,Lancaster,Pennsylvania,02-27-2023,WOAH Poultry,4400
1337,Cumberland,Maine,02-26-2025,WOAH Non-Poultry,30
1338,Dukes,Massachusetts,02-26-2025,WOAH Non-Poultry,50
1339,Westchester,New York,02-26-2025,WOAH Non-Poultry,100
1340,Monroe,New York,02-26-2024,WOAH Non-Poultry,20
1341,Elkhart,Indiana,02-25-2025,Commercial Duck Breeder,1800
1342,Union,Indiana,02-25-2025,WOAH Non-Poultry,40
1343,Jasper,Indiana,02-25-2025,WOAH Non-Poultry,90
1344,Lagrange,Indiana,02-25-2025,Commercial Duck Breeder,3800
1345,Monroe,Michigan,02-25-2025,WOAH Non-Poultry,10
1346,Jay,Indiana,02-25-2025,Commercial Turkey Meat Bird,18600
1347,Mercer,Ohio,02-25-2025,Commercial Table Egg Layer,90000
1348,Jay,Indiana,02-25-2025,Commercial Turkey Meat Bird,16500
1349,Philadelphia,Pennsylvania,02-24-2025,Live Bird Market,1100
1350,Lancaster,Pennsylvania,02-24-2023,WOAH Poultry,4000
1351,Chester,Pennsylvania,02-24-2023,WOAH Poultry,3400
1352,Wayne,Illinois,02-24-2023,Commercial Turkey Meat Bird,18200
1353,Dutchess,New York,02-24-2022,WOAH Non-Poultry,200
1354,Ulster,New York,02-24-2022,WOAH Non-Poultry,70
1355,Dubois,Indiana,02-24-2022,Commercial Turkey Meat Bird,36000
1356,Onondaga,New York,02-23-2024,WOAH Non-Poultry,10
1357,Allen,Indiana,02-23-2024,WOAH Non-Poultry,50
1358,Dallas,Missouri,02-23-2024,WOAH Poultry,20300
1359,Alexandria City,Virginia,02-23-2023,Live Bird Market,800
1360,Lancaster,Pennsylvania,02-23-2023,WOAH Poultry,2000
1361,Moffat,Colorado,02-23-2023,WOAH Non-Poultry,40
1362,Knox,Maine,02-23-2022,WOAH Non-Poultry,100
1363,Greene,Indiana,02-23-2022,Commercial Turkey Meat Bird,15400
1364,Kalamazoo,Michigan,02-23-2022,WOAH Non-Poultry,30
1365,Greene,Indiana,02-23-2022,Commercial Turkey Meat Bird,48200
1366,Union,New Jersey,02-22-2025,Live Bird Market,830
1367,Charles,Maryland,02-22-2024,WOAH Non-Poultry,30
1368,Lancaster,Pennsylvania,02-22-2023,WOAH Poultry,4200
1369,New Castle,Delaware,02-22-2022,Commercial Table Egg Layer,1046900
1370,Delaware,New York,02-21-2025,WOAH Non-Poultry,240
1371,Mercer,Ohio,02-21-2025,Commercial Table Egg Layer,84800
1372,Washington,Indiana,02-21-2025,Commercial Turkey Meat Bird,19400
1373,Mercer,Ohio,02-21-2025,WOAH Poultry,55900
1374,Darke,Ohio,02-21-2025,Commercial Table Egg Layer,3090400
1375,Elkhart,Indiana,02-21-2025,Commercial Duck Meat Bird,4200
1376,Broward,Florida,02-21-2025,WOAH Non-Poultry,10
1377,Dallas,Missouri,02-21-2024,Commercial Turkey Meat Bird,28500
1378,Franklin,Ohio,02-21-2024,WOAH Non-Poultry,10
1379,Dallas,Missouri,02-21-2024,Commercial Turkey Meat Bird,12300
1380,Dallas,Missouri,02-21-2024,Commercial Turkey Meat Bird,31000
1381,Lincoln,Nebraska,02-21-2023,WOAH Poultry,420
1382,Lancaster,Pennsylvania,02-21-2023,Commercial Broiler Production,97700
1383,Sac,Iowa,02-20-2025,Commercial Turkey Meat Bird,29700
1384,Luzerne,Pennsylvania,02-20-2025,WOAH Non-Poultry,90
1385,Butler,Pennsylvania,02-20-2025,WOAH Non-Poultry,610
1386,Cumberland,Maine,02-20-2025,WOAH Non-Poultry,80
1387,Duplin,North Carolina,02-20-2024,Commercial Turkey Meat Bird,20900
1388,Graham,Arizona,02-19-2025,WOAH Non-Poultry,280
1389,Knox,Maine,02-19-2022,WOAH Non-Poultry,30
1390,Churchill,Nevada,02-18-2025,WOAH Non-Poultry,20
1391,Darke,Ohio,02-18-2025,Commercial Table Egg Layer,164900
1392,Mercer,Ohio,02-18-2025,Commercial Turkey Meat Bird,10600
1393,Stark,Ohio,02-18-2025,WOAH Non-Poultry,30
1394,Suffolk,New York,02-18-2022,WOAH Non-Poultry,8
1395,San Joaquin,California,02-17-2023,WOAH Non-Poultry,160
1396,Copiah,Mississippi,02-17-2023,WOAH Poultry,50
1397,Tioga,Pennsylvania,02-17-2023,WOAH Non-Poultry,50
1398,Kanawha,West Virginia,02-16-2024,WOAH Non-Poultry,250
1399,Dubois,Indiana,02-16-2022,Commercial Turkey Meat Bird,26600
1400,Columbia,New York,02-15-2023,WOAH Poultry,250
1401,Webster,Kentucky,02-15-2022,Commercial Turkey Meat Bird,53300
1402,Buena Vista,Iowa,02-14-2025,Commercial Turkey Meat Bird,26700
1403,Jay,Indiana,02-14-2025,Commercial Table Egg Layer,1454600
1404,Washington,Indiana,02-14-2025,Commercial Turkey Meat Bird,14100
1405,Darke,Ohio,02-14-2025,Commercial Turkey Meat Bird,20100
1406,Randolph,Indiana,02-14-2025,WOAH Non-Poultry,70
1407,Jay,Indiana,02-14-2025,Commercial Table Egg Layer,1224800
1408,Saunders,Nebraska,02-14-2025,WOAH Non-Poultry,50
1409,Mercer,Ohio,02-14-2025,Commercial Turkey Meat Bird,16700
1410,Hillsborough,Florida,02-14-2023,WOAH Non-Poultry,10
1411,Benton,Washington,02-14-2023,WOAH Non-Poultry,60
1412,Sussex,Delaware,02-13-2025,WOAH Non-Poultry,30
1413,Monroe,Michigan,02-13-2025,WOAH Non-Poultry,30
1414,Riverside,California,02-13-2025,WOAH Poultry,11400
1415,Auglaize,Ohio,02-13-2025,Commercial Table Egg Layer,210600
1416,Mercer,Ohio,02-13-2025,Commercial Table Egg Layer,125800
1417,Doniphan,Kansas,02-13-2023,WOAH Non-Poultry,30
1418,Carroll,Missouri,02-13-2023,WOAH Non-Poultry,9
1419,Weld,Colorado,02-12-2025,WOAH Poultry,150
1420,Platte,Wyoming,02-12-2025,WOAH Non-Poultry,0
1421,Crow Wing,Minnesota,02-12-2025,WOAH Non-Poultry,160
1422,Lancaster,Pennsylvania,02-12-2025,WOAH Poultry,600
1423,Merced,California,02-12-2025,Commercial Broiler Production,280600
1424,Mercer,Ohio,02-12-2025,Commercial Table Egg Layer,131000
1425,Lawrence,Missouri,02-12-2025,Commercial Turkey Breeder Hens,13000
1426,Weld,Colorado,02-12-2025,WOAH Non-Poultry,20
1427,Twin Falls,Idaho,02-12-2024,WOAH Non-Poultry,20
1428,Schuylkill,Pennsylvania,02-12-2024,WOAH Non-Poultry,30
1429,Fauquier,Virginia,02-12-2022,WOAH Non-Poultry,90
1430,Fulton,Kentucky,02-12-2022,Commercial Broiler Production,231400
1431,Cumberland,Pennsylvania,02-11-2025,Commercial Duck Meat Bird,20000
1432,Yankton,South Dakota,02-11-2025,WOAH Non-Poultry,50
1433,Madison,New York,02-11-2025,WOAH Non-Poultry,20
1434,Lancaster,Pennsylvania,02-11-2025,Commercial Broiler Production,80000
1435,Mercer,Ohio,02-11-2025,Commercial Table Egg Pullets,20000
1436,Jay,Indiana,02-11-2025,Commercial Table Egg Layer,912000
1437,Mercer,Ohio,02-10-2025,Commercial Turkey Meat Bird,20100
1438,Lawrence,Missouri,02-10-2025,Commercial Turkey Breeder Hens,14100
1439,Mason,Washington,02-10-2025,WOAH Non-Poultry,7
1440,Lenoir,North Carolina,02-09-2024,Commercial Turkey Meat Bird,32400
1441,Owyhee,Idaho,02-08-2024,WOAH Non-Poultry,9
1442,Delta,Colorado,02-08-2024,Commercial Broiler Breeder,66500
1443,Miami-dade,Florida,02-08-2024,Live Bird Market,1500
1444,Lancaster,Pennsylvania,02-08-2023,WOAH Poultry,20300
1445,Mitchell,Kansas,02-08-2023,Commercial Upland Gamebird Producer,17000
1446,Dubois,Indiana,02-08-2022,Commercial Turkey Meat Bird,29000
1447,Calcasieu,Louisiana,02-07-2025,WOAH Non-Poultry,10
1448,Mercer,Ohio,02-07-2025,Commercial Turkey Meat Bird,4100
1449,Lancaster,Pennsylvania,02-07-2025,WOAH Poultry,610
1450,Mercer,Ohio,02-07-2025,Commercial Table Egg Layer,388900
1451,Mercer,Ohio,02-07-2025,Commercial Table Egg Layer,96300
1452,Lebanon,Pennsylvania,02-07-2025,Commercial Broiler Production,53500
1453,Leake,Mississippi,02-07-2023,Commercial Broiler Production,89800
1454,Allegheny,Pennsylvania,02-07-2023,WOAH Non-Poultry,20
1455,Lawrence,Missouri,02-06-2025,Commercial Turkey Meat Bird,9500
1456,Lancaster,Pennsylvania,02-06-2025,Commercial Duck Meat Bird,12100
1457,Lebanon,Pennsylvania,02-06-2025,Commercial Table Egg Layer,84100
1458,New London,Connecticut,02-06-2025,WOAH Non-Poultry,20
1459,Lancaster,Pennsylvania,02-06-2025,WOAH Poultry,14900
1460,Mercer,Ohio,02-06-2025,Commercial Table Egg Layer,232600
1461,Newton,Missouri,02-06-2025,Commercial Broiler Production,44400
1462,Darke,Ohio,02-06-2025,Commercial Table Egg Layer,522200
1463,Bronx,New York,02-06-2025,Live Bird Market,0
1464,Queens,New York,02-06-2025,Live Bird Market,200
1465,Mercer,Ohio,02-06-2025,Commercial Turkey Meat Bird,10100
1466,Mercer,Ohio,02-06-2025,Commercial Turkey Meat Bird,19900
1467,Essex,Massachusetts,02-06-2024,WOAH Non-Poultry,20
1468,Wayne,Pennsylvania,02-06-2024,WOAH Non-Poultry,360
1469,Gage,Nebraska,02-06-2024,Commercial Broiler Production,102000
1470,Merced,California,02-06-2023,Commercial Duck Breeder,29100
1471,Kennebec,Maine,02-06-2023,WOAH Non-Poultry,40
1472,Park,Wyoming,02-06-2023,WOAH Non-Poultry,10
1473,Placer,California,02-06-2023,WOAH Non-Poultry,30
1474,San Joaquin,California,02-06-2023,WOAH Non-Poultry,8
1475,Hancock,Maine,02-06-2023,WOAH Non-Poultry,30
1476,Cumberland,Pennsylvania,02-05-2025,Commercial Broiler Production,26400
1477,Stanislaus,California,02-05-2025,Commercial Turkey Meat Bird,30200
1478,Kings,New York,02-05-2025,Live Bird Market,0
1479,Mercer,Ohio,02-05-2025,Commercial Table Egg Layer,174600
1480,Mercer,Ohio,02-05-2025,Commercial Turkey Meat Bird,8900
1481,Larimer,Colorado,02-05-2025,WOAH Non-Poultry,10
1482,Auglaize,Ohio,02-05-2025,Commercial Turkey Meat Bird,11000
1483,Queens,New York,02-05-2025,Live Bird Market,520
1484,Pinal,Arizona,02-05-2025,WOAH Non-Poultry,30
1485,Queens,New York,02-04-2025,Live Bird Market,420
1486,Bronx,New York,02-04-2025,Live Bird Market,100
1487,Mercer,Ohio,02-04-2025,Commercial Table Egg Pullets,88300
1488,Harvey,Kansas,02-04-2025,WOAH Non-Poultry,50
1489,Mercer,Ohio,02-04-2025,Commercial Turkey Meat Bird,3500
1490,Darke,Ohio,02-04-2025,Commercial Turkey Meat Bird,5400
1491,Worcester,Maryland,02-04-2025,Commercial Broiler Production,168300
1492,Jasper,Missouri,02-04-2025,Commercial Turkey Meat Bird,49500
1493,Mercer,Ohio,02-04-2025,Commercial Table Egg Layer,96700
1494,Alpena,Michigan,02-04-2025,WOAH Non-Poultry,8
1495,Dauphin,Pennsylvania,02-04-2025,Commercial Table Egg Layer,1975300
1496,Mercer,Ohio,02-04-2025,Commercial Turkey Meat Bird,11600
1497,Adams,Pennsylvania,02-04-2025,WOAH Non-Poultry,30
1498,Mercer,Ohio,02-04-2025,Commercial Turkey Meat Bird,12200
1499,Lawrence,Missouri,02-04-2025,Commercial Turkey Breeder Replacement Hens,14300
1500,Newton,Missouri,02-04-2025,Commercial Turkey Meat Bird,13600
1501,San Joaquin,California,02-03-2025,Commercial Turkey Meat Bird,22200
1502,Klamath,Oregon,02-03-2025,WOAH Non-Poultry,10
1503,O'brien,Iowa,02-02-2025,Commercial Table Egg Layer,241600
1504,Lancaster,Pennsylvania,02-01-2023,Commercial Duck Meat Bird,32800
1505,Lancaster,Pennsylvania,02-01-2023,WOAH Poultry,2700
1506,Mercer,Ohio,01-31-2025,Commercial Turkey Meat Bird,22000
1507,Virginia Beach City,Virginia,01-31-2025,WOAH Non-Poultry,210
1508,Barry,Missouri,01-31-2025,Commercial Turkey Meat Bird,34000
1509,Mercer,Ohio,01-31-2025,Commercial Table Egg Layer,748800
1510,Montgomery,Maryland,01-31-2025,WOAH Non-Poultry,10
1511,Mcdonald,Missouri,01-31-2025,Commercial Broiler Production,131400
1512,Darke,Ohio,01-31-2025,Commercial Turkey Meat Bird,11700
1513,Placer,California,01-31-2024,WOAH Non-Poultry,20
1514,Mercer,Ohio,01-30-2025,Commercial Table Egg Layer,437100
1515,Monroe,Pennsylvania,01-30-2025,WOAH Non-Poultry,30
1516,Van Wert,Ohio,01-30-2025,Commercial Turkey Meat Bird,21400
1517,Mercer,Ohio,01-30-2025,Commercial Turkey Meat Bird,21700
1518,Mercer,Ohio,01-30-2025,Commercial Turkey Meat Bird,8700
1519,Mercer,Ohio,01-30-2025,Commercial Turkey Meat Bird,11200
1520,Darke,Ohio,01-30-2025,Commercial Table Egg Layer,150700
1521,Broward,Florida,01-30-2025,WOAH Non-Poultry,70
1522,Mcdonald,Missouri,01-30-2025,Commercial Turkey Meat Bird,11700
1523,Mercer,Ohio,01-30-2025,Commercial Turkey Meat Bird,4600
1524,Jerome,Idaho,01-30-2025,WOAH Non-Poultry,10
1525,Nance,Nebraska,01-30-2025,WOAH Non-Poultry,70
1526,Newton,Missouri,01-29-2025,Commercial Turkey Meat Bird,19000
1527,San Mateo,California,01-29-2025,WOAH Non-Poultry,4
1528,Darke,Ohio,01-29-2025,Commercial Turkey Meat Bird,9700
1529,Mercer,Ohio,01-29-2025,Commercial Turkey Meat Bird,20100
1530,Darke,Ohio,01-29-2025,Commercial Table Egg Layer,1356300
1531,Madera,California,01-29-2025,Commercial Duck Meat Bird,18600
1532,Mercer,Ohio,01-29-2025,Commercial Turkey Meat Bird,9000
1533,Merced,California,01-29-2025,Commercial Duck Meat Bird,87800
1534,Shelby,Indiana,01-28-2025,WOAH Non-Poultry,60
1535,Mcdonald,Missouri,01-28-2025,Commercial Broiler Breeder,18300
1536,Newton,Missouri,01-28-2025,Commercial Turkey Meat Bird,14300
1537,Jackson,Indiana,01-28-2025,Commercial Table Egg Layer,2633900
1538,Lehigh,Pennsylvania,01-28-2025,WOAH Poultry,48000
1539,Sampson,North Carolina,01-28-2025,Commercial Turkey Breeder Hens,24100
1540,Kent,Delaware,01-28-2025,Commercial Broiler Production,145800
1541,Adams,Indiana,01-27-2025,Commercial Turkey Meat Bird,19900
1542,Mercer,Ohio,01-27-2025,Commercial Turkey Meat Bird,9300
1543,Ulster,New York,01-27-2025,WOAH Non-Poultry,60
1544,Kearney,Nebraska,01-27-2025,WOAH Non-Poultry,90
1545,Mercer,Ohio,01-27-2025,Commercial Turkey Meat Bird,5100
1546,Mercer,Ohio,01-27-2025,Commercial Turkey Meat Bird,12600
1547,Sampson,North Carolina,01-27-2025,Commercial Turkey Breeder Replacement Hens,1900
1548,Pinal,Arizona,01-27-2025,Commercial Table Egg Layer,316600
1549,Mercer,Ohio,01-27-2025,Commercial Duck Meat Bird,12600
1550,Hancock,Maine,01-27-2023,WOAH Non-Poultry,40
1551,De Soto,Florida,01-26-2024,WOAH Non-Poultry,660
1552,Kennebec,Maine,01-25-2024,WOAH Non-Poultry,40
1553,Daviess,Indiana,01-25-2024,Commercial Turkey Meat Bird,13100
1554,Polk,Oregon,01-25-2023,WOAH Non-Poultry,20
1555,Buena Vista,Iowa,01-25-2023,Commercial Turkey Meat Bird,27700
1556,Rockingham,Virginia,01-25-2023,Commercial Turkey Meat Bird,11100
1557,Rowan,North Carolina,01-25-2023,WOAH Non-Poultry,2
1558,Suffolk,New York,01-25-2023,WOAH Non-Poultry,10
1559,Darke,Ohio,01-24-2025,Commercial Table Egg Layer,1818000
1560,Mcdonald,Missouri,01-24-2025,Primary Broiler Breeder Pedigree Farm,650
1561,Wadena,Minnesota,01-24-2025,Commercial Turkey Meat Bird,296300
1562,Mercer,Ohio,01-24-2025,Commercial Turkey Meat Bird,18500
1563,Plymouth,Massachusetts,01-24-2025,WOAH Non-Poultry,30
1564,Mercer,Ohio,01-24-2025,Commercial Turkey Meat Bird,9500
1565,Allen,Indiana,01-24-2025,WOAH Poultry,26100
1566,Darke,Ohio,01-24-2025,Commercial Turkey Meat Bird,22300
1567,Mercer,Ohio,01-24-2025,Commercial Turkey Meat Bird,19600
1568,New Haven,Connecticut,01-24-2025,WOAH Non-Poultry,30
1569,Cleveland,Arkansas,01-24-2025,Commercial Broiler Breeder,19500
1570,Newton,Missouri,01-24-2025,Commercial Table Egg Layer,1149400
1571,Mercer,Ohio,01-24-2025,Commercial Turkey Meat Bird,5100
1572,Washington,Rhode Island,01-24-2025,WOAH Non-Poultry,50
1573,Orange,Florida,01-24-2025,WOAH Non-Poultry,1
1574,Franklin,Washington,01-24-2025,Commercial Table Egg Layer,307800
1575,Windsor,Vermont,01-24-2025,WOAH Non-Poultry,20
1576,Yolo,California,01-23-2025,WOAH Non-Poultry,6
1577,Mercer,Ohio,01-23-2025,Commercial Table Egg Layer,1468900
1578,Darke,Ohio,01-23-2025,Commercial Table Egg Pullets,349200
1579,Mercer,Ohio,01-23-2025,Commercial Table Egg Layer,85000
1580,Putnam,New York,01-23-2025,WOAH Non-Poultry,60
1581,Mercer,Ohio,01-23-2025,Commercial Turkey Meat Bird,11200
1582,Edmunds,South Dakota,01-23-2024,Commercial Upland Gamebird Producer,22200
1583,Belknap,New Hampshire,01-23-2023,WOAH Non-Poultry,40
1584,Cleveland,Arkansas,01-22-2025,Commercial Broiler Production,106900
1585,Newton,Missouri,01-22-2025,Commercial Turkey Meat Bird,21300
1586,Dorchester,Maryland,01-22-2025,Commercial Broiler Production,144000
1587,Lawrence,Missouri,01-22-2025,Commercial Turkey Meat Bird,52400
1588,Newton,Missouri,01-22-2025,Commercial Turkey Meat Bird,23000
1589,Cook,Illinois,01-22-2025,WOAH Poultry,500
1590,Jasper,Missouri,01-22-2025,Commercial Turkey Meat Bird,49400
1591,Mitchell,Kansas,01-22-2024,Commercial Upland Gamebird Producer,5800
1592,Orangeburg,South Carolina,01-22-2024,WOAH Non-Poultry,40
1593,Elbert,Georgia,01-21-2025,Commercial Broiler Production,130400
1594,Caroline,Maryland,01-21-2025,Commercial Broiler Production,108400
1595,Newton,Missouri,01-21-2025,Commercial Table Egg Layer,1175800
1596,Umatilla,Oregon,01-21-2025,WOAH Non-Poultry,50
1597,Accomack,Virginia,01-21-2025,Commercial Broiler Production,441000
1598,Larimer,Colorado,01-20-2023,WOAH Non-Poultry,70
1599,Weakley,Tennessee,01-20-2023,Commercial Broiler Production,267800
1600,Rockingham,Virginia,01-19-2023,Commercial Turkey Meat Bird,25300
1601,El Dorado,California,01-19-2023,WOAH Non-Poultry,20
1602,Snohomish,Washington,01-19-2023,WOAH Non-Poultry,20
1603,Merced,California,01-18-2024,Commercial Table Egg Pullets,285600
1604,Lampasas,Texas,01-18-2023,WOAH Poultry,70
1605,Licking,Ohio,01-18-2023,WOAH Non-Poultry,30
1606,Darke,Ohio,01-17-2025,Commercial Table Egg Pullets,200000
1607,Suffolk,New York,01-17-2025,Commercial Duck Meat Bird,101000
1608,Darke,Ohio,01-17-2025,Commercial Table Egg Layer,103200
1609,Elbert,Georgia,01-17-2025,Commercial Broiler Breeder,45500
1610,Jay,Indiana,01-17-2025,Commercial Turkey Meat Bird,18800
1611,Horry,South Carolina,01-17-2024,WOAH Non-Poultry,190
1612,Mitchell,Kansas,01-17-2023,Commercial Upland Gamebird Producer,6900
1613,Dakota,Minnesota,01-16-2025,Commercial Turkey Meat Bird,79900
1614,Jay,Indiana,01-16-2025,Commercial Table Egg Layer,353300
1615,Greene,Tennessee,01-16-2025,WOAH Non-Poultry,30
1616,Wayne,Michigan,01-16-2025,WOAH Non-Poultry,120
1617,Riverside,California,01-16-2025,Commercial Table Egg Pullets,208200
1618,Mercer,Ohio,01-16-2025,Commercial Table Egg Layer,1432000
1619,Queen Anne's,Maryland,01-16-2025,Commercial Broiler Production,146900
1620,Barnstable,Massachusetts,01-16-2024,WOAH Non-Poultry,150
1621,Spink,South Dakota,01-16-2024,Commercial Raised for Release Upland Game Bird,1900
1622,Mitchell,Kansas,01-16-2024,WOAH Poultry,220
1623,Cascade,Montana,01-16-2024,WOAH Non-Poultry,50
1624,Darke,Ohio,01-15-2025,Commercial Turkey Meat Bird,5300
1625,Owyhee,Idaho,01-15-2025,WOAH Non-Poultry,30
1626,Mercer,Ohio,01-15-2025,Commercial Turkey Meat Bird,10400
1627,Darke,Ohio,01-15-2025,Commercial Turkey Meat Bird,5300
1628,Darke,Ohio,01-15-2025,Commercial Turkey Meat Bird,15800
1629,New London,Connecticut,01-15-2025,WOAH Non-Poultry,20
1630,Mercer,Ohio,01-14-2025,Commercial Turkey Meat Bird,4500
1631,Darke,Ohio,01-14-2025,Commercial Turkey Meat Bird,9900
1632,Newton,Missouri,01-14-2025,Commercial Table Egg Layer,1585100
1633,Caroline,Maryland,01-14-2025,Commercial Broiler Production,228300
1634,Orange,Florida,01-14-2025,Live Bird Market,1300
1635,Hillsborough,Florida,01-14-2025,Live Bird Market,280
1636,Culebra,Puerto Rico,01-13-2025,WOAH Poultry,380
1637,Phillips,Kansas,01-13-2025,WOAH Non-Poultry,60
1638,Tehama,California,01-12-2023,WOAH Poultry,23700
1639,Mitchell,Kansas,01-11-2024,Commercial Raised for Release Upland Game Bird,1400
1640,Douglas,Oregon,01-11-2023,WOAH Non-Poultry,1
1641,Gregory,South Dakota,01-10-2025,WOAH Non-Poultry,90
1642,Sherburne,Minnesota,01-10-2024,WOAH Non-Poultry,10
1643,Mitchell,Kansas,01-10-2024,Commercial Upland Gamebird Producer,3700
1644,Mitchell,Kansas,01-10-2024,Commercial Upland Gamebird Producer,32000
1645,York,Maine,01-10-2024,WOAH Non-Poultry,60
1646,Cascade,Montana,01-10-2023,WOAH Non-Poultry,10
1647,Darke,Ohio,01-09-2025,Commercial Turkey Meat Bird,21100
1648,Oakland,Michigan,01-09-2025,WOAH Non-Poultry,100
1649,Clayton,Georgia,01-09-2025,WOAH Non-Poultry,10
1650,Brazoria,Texas,01-09-2025,WOAH Non-Poultry,90
1651,Burnet,Texas,01-09-2025,WOAH Non-Poultry,10
1652,Kent,Delaware,01-09-2025,Commercial Broiler Production,194800
1653,Canyon,Idaho,01-09-2025,WOAH Non-Poultry,50
1654,Union,Oregon,01-09-2025,WOAH Poultry,380
1655,Scotts Bluff,Nebraska,01-09-2023,WOAH Non-Poultry,7
1656,Sonoma,California,01-09-2023,WOAH Non-Poultry,20
1657,San Joaquin,California,01-09-2023,WOAH Non-Poultry,10
1658,Sonoma,California,01-09-2023,WOAH Non-Poultry,6
1659,Darke,Ohio,01-08-2025,Commercial Table Egg Layer,245300
1660,Perry,Missouri,01-08-2025,WOAH Non-Poultry,20
1661,Sacramento,California,01-08-2024,WOAH Non-Poultry,30
1662,Merced,California,01-08-2024,WOAH Non-Poultry,30
1663,Arapahoe,Colorado,01-08-2024,WOAH Non-Poultry,20
1664,Hanson,South Dakota,01-07-2025,WOAH Non-Poultry,50
1665,Clinton,Iowa,01-07-2025,WOAH Non-Poultry,40
1666,Palm Beach,Florida,01-07-2025,WOAH Non-Poultry,4
1667,Hyde,North Carolina,01-07-2025,Commercial Table Egg Layer,3314900
1668,Jay,Indiana,01-07-2025,Commercial Turkey Meat Bird,20300
1669,Olmsted,Minnesota,01-06-2025,WOAH Non-Poultry,120
1670,Weld,Colorado,01-06-2023,WOAH Non-Poultry,40
1671,Thurston,Washington,01-06-2023,WOAH Non-Poultry,120
1672,Washburn,Wisconsin,01-05-2024,Commercial Turkey Meat Bird,41000
1673,Codington,South Dakota,01-05-2023,WOAH Poultry,140
1674,Kent,Delaware,01-04-2025,Commercial Broiler Production,125000
1675,Ottawa,Michigan,01-04-2025,Commercial Turkey Meat Bird,47000
1676,Ottawa,Michigan,01-04-2025,Commercial Turkey Meat Bird,55200
1677,Rice,Kansas,01-04-2024,Commercial Table Egg Pullets,240000
1678,Anderson,Kansas,01-04-2023,Commercial Upland Gamebird Producer,8900
1679,Johnson,Missouri,01-04-2023,WOAH Non-Poultry,30
1680,Josephine,Oregon,01-04-2023,WOAH Non-Poultry,30
1681,Canyon,Idaho,01-03-2025,WOAH Non-Poultry,20
1682,Stanislaus,California,01-03-2025,Commercial Broiler Production,236100
1683,Sharp,Arkansas,01-03-2025,WOAH Non-Poultry,20
1684,Pocahontas,West Virginia,01-03-2025,WOAH Poultry,9
1685,Butte,California,01-03-2025,Commercial Raised for Release Upland Game Bird,38700
1686,Canyon,Idaho,01-03-2025,WOAH Non-Poultry,20
1687,Canyon,Idaho,01-03-2025,WOAH Non-Poultry,20
1688,Canyon,Idaho,01-03-2025,WOAH Non-Poultry,70
1689,Merced,California,01-03-2024,Commercial Broiler Production,534800
1690,Sonoma,California,01-03-2024,Commercial Broiler Production,77900
1691,Merced,California,01-03-2024,Commercial Table Egg Layer,764300
1692,Stanislaus,California,01-02-2025,Commercial Table Egg Layer,75200
