,County,State,Outbreak Date,Flock Type,Flock Size
0,Ottawa,Michigan,12-31-2024,Commercial Turkey Meat Bird,23400
1,Miner,South Dakota,12-31-2024,WOAH Poultry,1500
2,Ottawa,Michigan,12-31-2024,Commercial Turkey Meat Bird,29400
3,Jackson,Michigan,12-31-2024,WOAH Non-Poultry,9
4,Spartanburg,South Carolina,12-31-2024,Commercial Upland Gamebird Producer,920
5,Riverside,California,12-31-2024,Commercial Table Egg Layer,181300
6,Butte,California,12-31-2024,WOAH Non-Poultry,70
7,Copiah,Mississippi,12-30-2024,Commercial Broiler Production,210000
8,Tipton,Tennessee,12-30-2024,WOAH Non-Poultry,10
9,Clay,Arkansas,12-30-2024,Commercial Broiler Production,227500
10,Twin Falls,Idaho,12-30-2024,WOAH Non-Poultry,30
11,Johnson,Nebraska,12-30-2024,Commercial Broiler Production,209100
12,Edmunds,South Dakota,12-30-2023,Commercial Upland Gamebird Producer,1400
13,Snohomish,Washington,12-30-2022,WOAH Poultry,180
14,Sanilac,Michigan,12-30-2022,WOAH Non-Poultry,30
15,Carson,Texas,12-29-2023,WOAH Non-Poultry,30
16,Mcintosh,North Dakota,12-29-2023,WOAH Non-Poultry,110
17,Pierce,Washington,12-29-2022,WOAH Non-Poultry,40
18,Marin,California,12-28-2023,Commercial Table Egg Pullets,151000
19,Missoula,Montana,12-28-2023,WOAH Non-Poultry,6
20,Sonoma,California,12-28-2023,Commercial Table Egg Layer,52400
21,Sonoma,California,12-28-2023,Commercial Table Egg Layer,37300
22,Audrain,Missouri,12-28-2023,WOAH Poultry,330
23,Elk,Kansas,12-28-2022,WOAH Non-Poultry,30
24,Weakley,Tennessee,12-28-2022,Commercial Broiler Breeder,19000
25,Weakley,Tennessee,12-28-2022,Commercial Broiler Breeder,43600
26,Burnett,Wisconsin,12-27-2024,Commercial Turkey Meat Bird,18600
27,Pemiscot,Missouri,12-27-2024,WOAH Non-Poultry,70
28,Sacramento,California,12-27-2024,Commercial Broiler Production,153800
29,Coffey,Kansas,12-27-2024,WOAH Non-Poultry,50
30,Stanislaus,California,12-27-2024,Commercial Broiler Production,101700
31,Anderson,Kansas,12-27-2024,WOAH Non-Poultry,40
32,Cooper,Missouri,12-27-2024,Commercial Turkey Breeder Hens,14900
33,Sheridan,Wyoming,12-27-2024,WOAH Non-Poultry,0
34,Darke,Ohio,12-27-2024,Commercial Table Egg Layer,931300
35,Ottawa,Michigan,12-27-2024,Commercial Turkey Meat Bird,113200
36,Garfield,Oklahoma,12-27-2023,WOAH Non-Poultry,30
37,Muskegon,Michigan,12-27-2023,Commercial Turkey Meat Bird,31500
38,Todd,Minnesota,12-27-2023,Commercial Turkey Meat Bird,78800
39,Hardin,Ohio,12-27-2023,Commercial Table Egg Pullets,1363900
40,Northumberland,Pennsylvania,12-27-2023,Commercial Raised for Release Upland Game Bird,98300
41,Phillips,Kansas,12-26-2024,WOAH Non-Poultry,10
42,Merced,California,12-26-2023,Commercial Table Egg Layer,709000
43,Franklin,Vermont,12-24-2024,WOAH Non-Poultry,20
44,San Joaquin,California,12-24-2024,Commercial Table Egg Layer,627800
45,Adair,Oklahoma,12-24-2024,Commercial Turkey Meat Bird,81400
46,Adair,Oklahoma,12-24-2024,Commercial Turkey Meat Bird,45000
47,Riverside,California,12-24-2024,Commercial Table Egg Layer,1105500
48,Stanislaus,California,12-24-2024,Commercial Table Egg Layer,392100
49,Cass,Missouri,12-24-2024,WOAH Non-Poultry,60
50,Dade,Missouri,12-24-2024,WOAH Non-Poultry,90
51,Ottawa,Michigan,12-23-2024,Commercial Turkey Meat Bird,75500
52,El Dorado,California,12-23-2024,WOAH Non-Poultry,30
53,Lawrence,Illinois,12-23-2024,Commercial Turkey Meat Bird,41400
54,Glenn,California,12-22-2022,Commercial Upland Gamebird Producer,32000
55,Dodge,Nebraska,12-21-2023,WOAH Non-Poultry,40
56,Edmunds,South Dakota,12-21-2023,Commercial Upland Gamebird Producer,3800
57,Bates,Missouri,12-21-2022,WOAH Non-Poultry,30
58,St. Clair,Illinois,12-21-2022,WOAH Non-Poultry,60
59,Umatilla,Oregon,12-21-2022,WOAH Non-Poultry,10
60,Weakley,Tennessee,12-21-2022,WOAH Poultry,28800
61,Houston,Minnesota,12-20-2024,WOAH Non-Poultry,60
62,Craighead,Arkansas,12-20-2024,WOAH Non-Poultry,50
63,Cooper,Missouri,12-20-2024,Commercial Turkey Breeder Hens,13000
64,Sedgwick,Kansas,12-20-2024,WOAH Non-Poultry,30
65,Chippewa,Minnesota,12-20-2024,Commercial Turkey Meat Bird,54800
66,Greene,Mississippi,12-20-2024,Commercial Broiler Breeder,26000
67,Charles Mix,South Dakota,12-20-2023,Commercial Upland Gamebird Producer,50
68,Mahaska,Iowa,12-20-2023,WOAH Non-Poultry,30
69,Merced,California,12-20-2023,Commercial Turkey Meat Bird,73700
70,Benton,Oregon,12-20-2023,WOAH Non-Poultry,50
71,Merced,California,12-20-2023,Commercial Table Egg Layer,243300
72,Weld,Colorado,12-20-2022,Commercial Table Egg Layer,239700
73,Hanson,South Dakota,12-20-2022,Commercial Turkey Meat Bird,31800
74,Gem,Idaho,12-20-2022,WOAH Non-Poultry,80
75,Pickens,Alabama,12-19-2024,WOAH Non-Poultry,50
76,Stanislaus,California,12-19-2024,Commercial Table Egg Layer,295800
77,Jackson,Arkansas,12-19-2024,WOAH Non-Poultry,230
78,Kenosha,Wisconsin,12-19-2024,WOAH Poultry,6
79,Fillmore,Minnesota,12-19-2024,Commercial Turkey Meat Bird,28600
80,Coos,Oregon,12-19-2024,WOAH Non-Poultry,40
81,Cullman,Alabama,12-19-2024,Commercial Broiler Production,116000
82,Greene,Ohio,12-19-2024,WOAH Poultry,110
83,Deschutes,Oregon,12-19-2024,WOAH Non-Poultry,90
84,Stearns,Minnesota,12-19-2024,Commercial Turkey Meat Bird,12600
85,Mcpherson,Kansas,12-19-2023,WOAH Poultry,20000
86,Lassen,California,12-19-2023,WOAH Non-Poultry,90
87,Rice,Kansas,12-19-2023,Commercial Table Egg Layer,800000
88,Barton,Kansas,12-19-2023,WOAH Non-Poultry,70
89,King,Washington,12-19-2023,WOAH Poultry,90
90,Muskegon,Michigan,12-19-2023,Commercial Turkey Meat Bird,47900
91,Sonoma,California,12-19-2023,Commercial Duck Meat Bird,3600
92,Mendocino,California,12-19-2022,WOAH Non-Poultry,20
93,Rooks,Kansas,12-18-2024,Commercial Raised for Release Upland Game Bird,5300
94,Howard,Missouri,12-18-2024,WOAH Non-Poultry,60
95,Doniphan,Kansas,12-18-2024,Commercial Raised for Release Upland Game Bird,5700
96,Jefferson Davis,Louisiana,12-18-2024,WOAH Non-Poultry,30
97,Nelson,North Dakota,12-18-2024,WOAH Non-Poultry,60
98,Sonoma,California,12-18-2023,WOAH Poultry,38100
99,Edmunds,South Dakota,12-18-2023,Commercial Upland Gamebird Producer,1000
100,Rice,Kansas,12-18-2023,WOAH Non-Poultry,100
101,Sonoma,California,12-18-2023,Commercial Table Egg Layer,497700
102,Stanislaus,California,12-17-2024,Commercial Turkey Meat Bird,33100
103,Lemhi,Idaho,12-17-2024,WOAH Non-Poultry,20
104,Lemhi,Idaho,12-17-2024,WOAH Non-Poultry,150
105,O'brien,Iowa,12-17-2024,Commercial Table Egg Layer,351400
106,Lancaster,Nebraska,12-17-2024,WOAH Poultry,290
107,Charles Mix,South Dakota,12-17-2024,Commercial Turkey Meat Bird,74800
108,Sioux,Iowa,12-17-2024,Commercial Table Egg Layer,428600
109,Monona,Iowa,12-17-2024,WOAH Non-Poultry,30
110,Charles Mix,South Dakota,12-17-2024,WOAH Poultry,1800
111,Bon Homme,South Dakota,12-17-2024,Commercial Turkey Meat Bird,48700
112,Worth,Iowa,12-17-2024,Commercial Turkey Meat Bird,19500
113,Merced,California,12-16-2024,Commercial Table Egg Pullets,424700
114,Sarpy,Nebraska,12-16-2024,WOAH Non-Poultry,30
115,Merced,California,12-16-2024,Commercial Turkey Meat Bird,53100
116,Weld,Colorado,12-16-2022,Commercial Table Egg Layer,1291000
117,Butte,California,12-16-2022,WOAH Non-Poultry,20
118,Duval,Florida,12-16-2022,WOAH Non-Poultry,10
119,Flathead,Montana,12-16-2022,WOAH Non-Poultry,0
120,Latah,Idaho,12-15-2023,WOAH Poultry,200
121,Waseca,Minnesota,12-15-2023,WOAH Non-Poultry,90
122,Polk,Oregon,12-15-2022,WOAH Non-Poultry,20
123,Merced,California,12-14-2024,Commercial Duck Meat Bird,119000
124,Monterey,California,12-14-2024,Commercial Duck Breeder,13700
125,Bossier,Louisiana,12-14-2024,WOAH Non-Poultry,40
126,Tulare,California,12-14-2024,Commercial Duck Meat Bird,41100
127,Scott,Arkansas,12-14-2023,WOAH Non-Poultry,180
128,Darke,Ohio,12-14-2023,Commercial Table Egg Layer,522300
129,Clatsop,Oregon,12-14-2023,WOAH Non-Poultry,30
130,Knox,Nebraska,12-14-2022,WOAH Poultry,160
131,Moody,South Dakota,12-14-2022,Commercial Table Egg Layer,1332100
132,Spink,South Dakota,12-14-2022,WOAH Poultry,280
133,Franklin,Washington,12-14-2022,Commercial Table Egg Layer,1015500
134,Redwood,Minnesota,12-14-2022,WOAH Non-Poultry,40
135,Weakley,Tennessee,12-14-2022,WOAH Poultry,37900
136,Tulare,California,12-13-2024,Commercial Broiler Production,514500
137,Barron,Wisconsin,12-13-2024,Commercial Turkey Breeder Hens,13200
138,Livingston,Illinois,12-13-2024,Commercial Turkey Breeder Hens,40500
139,Merced,California,12-13-2023,Commercial Broiler Production,183100
140,San Joaquin,California,12-13-2023,Commercial Duck Breeder,6000
141,Merced,California,12-13-2023,Commercial Table Egg Layer,1358600
142,Rice,Kansas,12-13-2023,Commercial Table Egg Layer,700000
143,Weld,Colorado,12-13-2023,WOAH Non-Poultry,30
144,Mcpherson,Kansas,12-13-2023,WOAH Poultry,20000
145,Columbia,Oregon,12-13-2022,WOAH Non-Poultry,100
146,Linn,Oregon,12-13-2022,WOAH Non-Poultry,20
147,Daviess,Indiana,12-13-2022,Commercial Turkey Meat Bird,11400
148,Kingsbury,South Dakota,12-12-2024,Commercial Turkey Meat Bird,39300
149,Pope,Arkansas,12-12-2024,WOAH Non-Poultry,40
150,Sac,Iowa,12-12-2024,Commercial Turkey Meat Bird,45200
151,Craighead,Arkansas,12-12-2024,WOAH Non-Poultry,10
152,Etowah,Alabama,12-12-2023,WOAH Non-Poultry,80
153,Lake,South Dakota,12-12-2023,Commercial Turkey Meat Bird,76000
154,Dutchess,New York,12-12-2023,WOAH Poultry,4200
155,St. Louis,Missouri,12-12-2023,WOAH Non-Poultry,20
156,Sac,Iowa,12-12-2022,Commercial Turkey Meat Bird,50000
157,Buena Vista,Iowa,12-12-2022,Commercial Turkey Meat Bird,51200
158,Cherokee,Iowa,12-12-2022,Commercial Turkey Meat Bird,50000
159,Ida,Iowa,12-12-2022,Commercial Turkey Meat Bird,90000
160,Hanson,South Dakota,12-12-2022,Commercial Turkey Meat Bird,23900
161,Wadena,Minnesota,12-12-2022,Commercial Turkey Meat Bird,298100
162,Brule,South Dakota,12-11-2024,Commercial Turkey Meat Bird,50900
163,Dodge,Nebraska,12-11-2024,WOAH Non-Poultry,10
164,Palo Alto,Iowa,12-11-2024,Commercial Turkey Meat Bird,31100
165,Adair,Oklahoma,12-11-2024,WOAH Poultry,40000
166,Sioux,Iowa,12-11-2024,Commercial Table Egg Layer,1575700
167,Olmsted,Minnesota,12-11-2023,Commercial Turkey Breeder Hens,14400
168,Jewell,Kansas,12-10-2024,WOAH Non-Poultry,40
169,Daviess,Missouri,12-10-2024,WOAH Poultry,19900
170,Moody,South Dakota,12-10-2024,Commercial Turkey Meat Bird,46700
171,Jefferson,Idaho,12-10-2024,WOAH Non-Poultry,60
172,Beadle,South Dakota,12-10-2024,Commercial Turkey Meat Bird,52200
173,Stanislaus,California,12-10-2024,Commercial Duck Breeder,82600
174,La Plata,Colorado,12-10-2024,WOAH Non-Poultry,20
175,Charles Mix,South Dakota,12-10-2024,Commercial Turkey Meat Bird,32400
176,Tulare,California,12-10-2024,Commercial Broiler Production,330200
177,Franklin,Idaho,12-10-2024,WOAH Non-Poultry,40
178,Cedar,Missouri,12-10-2024,WOAH Non-Poultry,20
179,Kern,California,12-09-2024,WOAH Poultry,45400
180,Lafayette,Arkansas,12-09-2024,WOAH Non-Poultry,40
181,Hutchinson,South Dakota,12-09-2024,Commercial Turkey Meat Bird,42800
182,Beadle,South Dakota,12-09-2024,Commercial Turkey Meat Bird,50600
183,Onslow,North Carolina,12-09-2022,WOAH Non-Poultry,60
184,Osage,Missouri,12-09-2022,Commercial Turkey Meat Bird,19700
185,Clackamas,Oregon,12-09-2022,WOAH Non-Poultry,60
186,Polk,Oregon,12-09-2022,WOAH Non-Poultry,70
187,Prowers,Colorado,12-09-2022,Commercial Upland Gamebird Producer,11000
188,Barton,Kansas,12-08-2023,WOAH Non-Poultry,30
189,Charles Mix,South Dakota,12-08-2023,Commercial Turkey Meat Bird,32400
190,Mills,Iowa,12-08-2023,WOAH Non-Poultry,10
191,Barron,Wisconsin,12-08-2023,Commercial Turkey Meat Bird,70000
192,Dodge,Minnesota,12-08-2022,Commercial Turkey Meat Bird,10000
193,Hamlin,South Dakota,12-08-2022,Commercial Turkey Meat Bird,58100
194,Dade,Missouri,12-08-2022,WOAH Non-Poultry,30
195,Stanislaus,California,12-07-2023,Commercial Broiler Production,258600
196,Montmorency,Michigan,12-07-2023,WOAH Poultry,100
197,Sonoma,California,12-07-2023,Commercial Duck Meat Bird,4900
198,Orleans,Vermont,12-07-2023,WOAH Non-Poultry,40
199,Carroll,Arkansas,12-07-2023,Commercial Turkey Meat Bird,33300
200,Darke,Ohio,12-07-2023,Commercial Turkey Meat Bird,15200
201,Hardin,Ohio,12-07-2023,Commercial Table Egg Layer,2613600
202,Sac,Iowa,12-07-2022,Commercial Turkey Meat Bird,40000
203,Kingsbury,South Dakota,12-07-2022,WOAH Non-Poultry,70
204,Cherokee,Iowa,12-07-2022,Commercial Turkey Meat Bird,105000
205,Pitkin,Colorado,12-06-2024,WOAH Non-Poultry,50
206,Stanislaus,California,12-06-2024,WOAH Poultry,44100
207,Nemaha,Nebraska,12-06-2024,Commercial Turkey Breeder Hens,12400
208,Washakie,Wyoming,12-06-2024,WOAH Non-Poultry,20
209,Sioux,Iowa,12-06-2024,Commercial Table Egg Layer,4200000
210,Sonoma,California,12-06-2023,Commercial Table Egg Layer,232000
211,Hamlin,South Dakota,12-06-2023,Commercial Turkey Meat Bird,56200
212,Becker,Minnesota,12-06-2023,Commercial Breeder Operation,20600
213,Bon Homme,South Dakota,12-06-2023,Commercial Turkey Meat Bird,47600
214,Todd,Minnesota,12-06-2023,Commercial Turkey Meat Bird,64000
215,Denton,Texas,12-06-2022,WOAH Non-Poultry,40
216,Larimer,Colorado,12-06-2022,WOAH Non-Poultry,2
217,Harrison,Missouri,12-06-2022,WOAH Non-Poultry,30
218,Pawnee,Oklahoma,12-06-2022,WOAH Non-Poultry,30
219,Lamoille,Vermont,12-06-2022,WOAH Non-Poultry,50
220,Merced,California,12-05-2024,Commercial Table Egg Layer,793700
221,Merced,California,12-05-2024,Commercial Table Egg Layer,306100
222,San Joaquin,California,12-05-2024,Commercial Duck Meat Bird,13000
223,Merced,California,12-05-2024,Commercial Table Egg Layer,1723800
224,Otter Tail,Minnesota,12-05-2023,Commercial Turkey Meat Bird,26300
225,Stanislaus,California,12-05-2023,Commercial Broiler Production,239900
226,Spink,South Dakota,12-05-2023,Commercial Turkey Meat Bird,26600
227,Shawnee,Kansas,12-05-2023,WOAH Non-Poultry,70
228,Kingsbury,South Dakota,12-05-2023,WOAH Non-Poultry,370
229,Stanislaus,California,12-05-2023,Commercial Broiler Production,254400
230,Buena Vista,Iowa,12-05-2022,Commercial Turkey Meat Bird,40700
231,Lawrence,Alabama,12-05-2022,WOAH Non-Poultry,460
232,Clark,South Dakota,12-05-2022,Commercial Turkey Meat Bird,24300
233,Charles Mix,South Dakota,12-05-2022,Commercial Turkey Meat Bird,34100
234,Stanislaus,California,12-04-2024,Commercial Table Egg Layer,720800
235,Stanislaus,California,12-04-2024,Commercial Turkey Meat Bird,23100
236,Charles Mix,South Dakota,12-04-2024,Commercial Turkey Meat Bird,65200
237,Stanislaus,California,12-04-2024,Commercial Turkey Meat Bird,57700
238,Riverside,California,12-04-2024,WOAH Non-Poultry,70
239,Sacramento,California,12-04-2024,Commercial Turkey Meat Bird,61200
240,Mcpherson,South Dakota,12-04-2023,Commercial Turkey Meat Bird,40800
241,Barron,Wisconsin,12-04-2023,Commercial Turkey Meat Bird,113800
242,Johnson,Arkansas,12-04-2023,Commercial Broiler Production,109000
243,Pottawatomie,Kansas,12-04-2023,WOAH Non-Poultry,30
244,Douglas,Kansas,12-03-2024,WOAH Non-Poultry,100
245,Adair,Oklahoma,12-03-2024,Commercial Broiler Breeder,63700
246,Utah,Utah,12-03-2024,WOAH Non-Poultry,30
247,Mcpherson,South Dakota,12-03-2024,Commercial Turkey Meat Bird,78200
248,Fresno,California,12-03-2024,Commercial Broiler Production,237100
249,Spink,South Dakota,12-03-2024,Commercial Turkey Meat Bird,41400
250,Bottineau,North Dakota,12-02-2024,WOAH Poultry,30
251,Clark,South Dakota,12-02-2022,WOAH Non-Poultry,40
252,Union,North Carolina,12-02-2022,WOAH Non-Poultry,9
253,Knox,Nebraska,12-02-2022,WOAH Non-Poultry,10
254,Bay,Michigan,12-01-2023,WOAH Non-Poultry,60
255,Canyon,Idaho,12-01-2023,WOAH Non-Poultry,20
256,Darke,Ohio,12-01-2023,Commercial Turkey Meat Bird,33000
257,Woodbury,Iowa,12-01-2023,WOAH Non-Poultry,40
258,Brookings,South Dakota,12-01-2022,WOAH Non-Poultry,210
259,Arkansas,Arkansas,12-01-2022,WOAH Non-Poultry,20
260,Lake,South Dakota,12-01-2022,Commercial Turkey Meat Bird,78000
261,Jackson,Missouri,12-01-2022,WOAH Non-Poultry,30
262,Lewis And Clark,Montana,11-30-2023,WOAH Non-Poultry,6
263,San Benito,California,11-30-2023,Commercial Duck Breeder,5000
264,Minnehaha,South Dakota,11-30-2023,WOAH Non-Poultry,80
265,Bent,Colorado,11-30-2023,WOAH Poultry,4100
266,Sonoma,California,11-30-2023,Commercial Table Egg Layer,82500
267,Hamlin,South Dakota,11-30-2022,Commercial Turkey Meat Bird,50000
268,Charles Mix,South Dakota,11-30-2022,Commercial Turkey Meat Bird,75100
269,Grundy,Illinois,11-30-2022,WOAH Poultry,8800
270,Fresno,California,11-29-2024,Commercial Broiler Production,266400
271,Gibson,Tennessee,11-29-2024,Commercial Broiler Breeder,37700
272,Merced,California,11-29-2024,Commercial Turkey Meat Bird,25200
273,Fresno,California,11-29-2024,Commercial Duck Breeder,23100
274,Tulare,California,11-29-2024,Commercial Duck Breeder,26500
275,Meeker,Minnesota,11-29-2024,Commercial Turkey Meat Bird,223800
276,Dickey,North Dakota,11-29-2023,WOAH Poultry,130
277,Becker,Minnesota,11-29-2023,Commercial Turkey Breeder Hens,23200
278,Otter Tail,Minnesota,11-29-2023,Commercial Turkey Meat Bird,18800
279,Woodbury,Iowa,11-29-2023,WOAH Non-Poultry,10
280,Morgan,Colorado,11-29-2023,WOAH Non-Poultry,60
281,Carroll,Arkansas,11-29-2023,Commercial Broiler Production,81200
282,Douglas,Minnesota,11-29-2023,Commercial Turkey Meat Bird,13500
283,Spink,South Dakota,11-29-2022,Commercial Turkey Meat Bird,32900
284,Washington,Maryland,11-29-2022,Commercial Table Egg Breeder,24600
285,Hanson,South Dakota,11-29-2022,Commercial Turkey Meat Bird,71600
286,Trempealeau,Wisconsin,11-28-2023,Commercial Turkey Meat Bird,23500
287,Trempealeau,Wisconsin,11-28-2023,Commercial Turkey Meat Bird,48700
288,Sioux,Iowa,11-28-2023,Commercial Table Egg Layer,1616300
289,Colfax,Nebraska,11-28-2023,WOAH Non-Poultry,20
290,Yankton,South Dakota,11-28-2023,Commercial Turkey Meat Bird,49000
291,Mcpherson,South Dakota,11-28-2023,Commercial Turkey Meat Bird,61800
292,Pierce,Washington,11-28-2023,WOAH Non-Poultry,540
293,Dickey,North Dakota,11-28-2023,Commercial Turkey Meat Bird,60300
294,Emmons,North Dakota,11-28-2023,WOAH Non-Poultry,60
295,Iron,Utah,11-28-2022,WOAH Poultry,3000
296,Webster,Missouri,11-28-2022,Commercial Turkey Meat Bird,15100
297,Union,Oregon,11-27-2024,WOAH Non-Poultry,30
298,Sanpete,Utah,11-27-2024,Commercial Turkey Meat Bird,51800
299,Faulk,South Dakota,11-27-2024,Commercial Turkey Meat Bird,56000
300,Meeker,Minnesota,11-27-2024,Commercial Turkey Meat Bird,24700
301,Ransom,North Dakota,11-27-2024,Commercial Turkey Meat Bird,59500
302,Beadle,South Dakota,11-27-2024,Commercial Turkey Meat Bird,41100
303,Brown,Minnesota,11-27-2023,Commercial Turkey Breeder Hens,7800
304,Sonoma,California,11-27-2023,Commercial Duck Breeder,205500
305,Matanuska Susitna,Alaska,11-26-2024,WOAH Non-Poultry,70
306,Meeker,Minnesota,11-25-2024,Commercial Turkey Meat Bird,30500
307,Beadle,South Dakota,11-25-2022,Commercial Turkey Meat Bird,67900
308,Durham,North Carolina,11-25-2022,WOAH Non-Poultry,30
309,Dixon,Nebraska,11-25-2022,Commercial Table Egg Layer,1700000
310,Spink,South Dakota,11-25-2022,Commercial Turkey Meat Bird,55500
311,Beadle,South Dakota,11-25-2022,Commercial Turkey Meat Bird,50700
312,Turner,South Dakota,11-25-2022,WOAH Non-Poultry,210
313,Matanuska Susitna,Alaska,11-25-2022,WOAH Non-Poultry,40
314,Otter Tail,Minnesota,11-24-2023,Commercial Breeder Operation,19400
315,Freeborn,Minnesota,11-24-2023,WOAH Non-Poultry,8
316,Kandiyohi,Minnesota,11-24-2023,Commercial Turkey Breeder Hens,7300
317,Clackamas,Oregon,11-24-2023,WOAH Non-Poultry,10
318,Brule,South Dakota,11-23-2022,WOAH Non-Poultry,30
319,Davidson,Tennessee,11-23-2022,WOAH Non-Poultry,10
320,Columbia,Oregon,11-23-2022,WOAH Non-Poultry,30
321,Todd,Minnesota,11-23-2022,Commercial Turkey Meat Bird,44500
322,Faulk,South Dakota,11-23-2022,Commercial Turkey Meat Bird,49900
323,Broward,Florida,11-23-2022,WOAH Non-Poultry,10
324,Merced,California,11-22-2024,Commercial Table Egg Pullets,538600
325,Mchenry,North Dakota,11-22-2024,WOAH Poultry,80
326,Brule,South Dakota,11-22-2023,Commercial Turkey Meat Bird,45100
327,Otter Tail,Minnesota,11-22-2023,Commercial Turkey Meat Bird,28000
328,Trempealeau,Wisconsin,11-22-2023,Commercial Turkey Meat Bird,51300
329,Stearns,Minnesota,11-22-2023,Commercial Turkey Meat Bird,34200
330,Beadle,South Dakota,11-22-2022,Commercial Turkey Meat Bird,29200
331,Webster,Missouri,11-22-2022,WOAH Poultry,9100
332,Piute,Utah,11-21-2024,Commercial Turkey Meat Bird,35500
333,Lemhi,Idaho,11-21-2024,WOAH Non-Poultry,20
334,Tulare,California,11-21-2024,Commercial Duck Meat Bird,96900
335,Maricopa,Arizona,11-21-2024,WOAH Non-Poultry,490
336,Roger Mills,Oklahoma,11-21-2024,WOAH Non-Poultry,40
337,Salt Lake,Utah,11-21-2024,WOAH Non-Poultry,30
338,Madera,California,11-21-2024,WOAH Non-Poultry,10
339,Big Stone,Minnesota,11-21-2023,Commercial Turkey Meat Bird,78500
340,Clark,South Dakota,11-21-2023,Commercial Turkey Meat Bird,57400
341,Clark,South Dakota,11-21-2023,Commercial Turkey Meat Bird,23600
342,Kingsbury,South Dakota,11-21-2023,Commercial Turkey Meat Bird,28800
343,Beadle,South Dakota,11-21-2023,Commercial Turkey Meat Bird,78200
344,Union,Ohio,11-21-2023,Commercial Table Egg Layer,1348900
345,Brown,Minnesota,11-21-2023,Commercial Turkey Breeder Hens,6400
346,Broward,Florida,11-21-2023,WOAH Non-Poultry,5
347,Sumter,Georgia,11-21-2023,Commercial Raised for Release Waterfowl,30000
348,Kandiyohi,Minnesota,11-21-2023,Commercial Breeder Operation,8400
349,Caroline,Maryland,11-21-2023,Commercial Broiler Production,192900
350,Grimes,Texas,11-21-2023,WOAH Non-Poultry,60
351,Edmunds,South Dakota,11-21-2022,Commercial Turkey Meat Bird,34400
352,Washington,Maine,11-21-2022,WOAH Non-Poultry,90
353,Matanuska Susitna,Alaska,11-20-2024,WOAH Non-Poultry,40
354,Kern,California,11-20-2024,Commercial Table Egg Layer,1022400
355,Marin,California,11-20-2024,Commercial Duck Meat Bird,6500
356,Edmunds,South Dakota,11-20-2023,Commercial Turkey Breeder Replacement Hens,30100
357,Fresno,California,11-20-2023,Commercial Duck Breeder,23400
358,Edmunds,South Dakota,11-20-2023,Commercial Turkey Meat Bird,33400
359,Walworth,South Dakota,11-20-2023,WOAH Non-Poultry,0
360,Edmunds,South Dakota,11-20-2023,Commercial Turkey Breeder Hens,19200
361,San Juan,New Mexico,11-20-2023,WOAH Non-Poultry,20
362,Taylor,Wisconsin,11-20-2023,WOAH Non-Poultry,8
363,Day,South Dakota,11-20-2023,WOAH Poultry,60
364,Swift,Minnesota,11-20-2023,Commercial Turkey Meat Bird,134300
365,Lake,South Dakota,11-19-2024,WOAH Non-Poultry,20
366,Henry,Illinois,11-19-2024,WOAH Poultry,5600
367,Whatcom,Washington,11-19-2024,WOAH Non-Poultry,40
368,Fresno,California,11-19-2024,Commercial Broiler Production,172800
369,Merced,California,11-19-2024,Commercial Turkey Meat Bird,38200
370,Martin,Minnesota,11-18-2024,WOAH Non-Poultry,40
371,Honolulu,Hawaii,11-18-2024,WOAH Non-Poultry,9
372,Martin,Minnesota,11-18-2024,WOAH Non-Poultry,30
373,Utah,Utah,11-18-2022,WOAH Non-Poultry,270
374,Union,North Carolina,11-18-2022,WOAH Non-Poultry,50
375,Fall River,South Dakota,11-17-2023,WOAH Non-Poultry,80
376,Broward,Florida,11-17-2022,WOAH Non-Poultry,20
377,Berks,Pennsylvania,11-17-2022,WOAH Non-Poultry,30
378,Benton,Iowa,11-16-2023,WOAH Non-Poultry,90
379,Linn,Oregon,11-16-2023,Commercial Broiler Production,630700
380,Stearns,Minnesota,11-16-2023,Commercial Turkey Meat Bird,43100
381,Marion,Oregon,11-16-2023,Commercial Broiler Production,123500
382,Duval,Florida,11-16-2023,WOAH Non-Poultry,50
383,Fresno,California,11-16-2022,Commercial Duck Breeder,34700
384,Seminole,Florida,11-16-2022,WOAH Poultry,100
385,Hillsborough,Florida,11-16-2022,WOAH Non-Poultry,100
386,Piute,Utah,11-15-2024,Commercial Turkey Meat Bird,35000
387,Honolulu,Hawaii,11-15-2024,WOAH Non-Poultry,70
388,Stanislaus,California,11-15-2024,Commercial Turkey Meat Bird,21500
389,Edmunds,South Dakota,11-15-2023,Commercial Turkey Breeder Replacement Hens,24500
390,Cass,Michigan,11-15-2023,WOAH Non-Poultry,20
391,Lamoure,North Dakota,11-15-2023,Commercial Turkey Meat Bird,25100
392,Mcintosh,North Dakota,11-15-2023,WOAH Poultry,100
393,Otter Tail,Minnesota,11-15-2022,Commercial Turkey Meat Bird,28200
394,Duval,Florida,11-15-2022,WOAH Non-Poultry,30
395,Bledsoe,Tennessee,11-15-2022,Commercial Broiler Breeder,20900
396,Fresno,California,11-14-2024,Commercial Turkey Meat Bird,17500
397,Kings,California,11-14-2024,Commercial Broiler Production,279300
398,Fresno,California,11-14-2024,Commercial Turkey Meat Bird,39600
399,Fresno,California,11-14-2024,Commercial Turkey Meat Bird,17700
400,Fresno,California,11-14-2024,Commercial Broiler Production,259000
401,Kings,California,11-14-2024,Commercial Broiler Production,53300
402,Kings,California,11-14-2024,WOAH Non-Poultry,8
403,San Joaquin,California,11-14-2024,Commercial Broiler Production,29100
404,Merced,California,11-14-2024,Commercial Turkey Meat Bird,53200
405,Weld,Colorado,11-14-2024,WOAH Non-Poultry,80
406,Jasper,Missouri,11-14-2023,Commercial Turkey Meat Bird,29300
407,Marion,Oregon,11-14-2023,WOAH Non-Poultry,5
408,Ellis,Texas,11-14-2023,WOAH Non-Poultry,50
409,Kossuth,Iowa,11-14-2023,WOAH Poultry,13000
410,Jones,Iowa,11-14-2023,WOAH Non-Poultry,20
411,Redwood,Minnesota,11-14-2023,Commercial Turkey Meat Bird,18700
412,Taylor,Iowa,11-14-2023,Commercial Table Egg Layer,1121100
413,Kandiyohi,Minnesota,11-14-2023,Commercial Turkey Meat Bird,35600
414,Cerro Gordo,Iowa,11-14-2023,WOAH Non-Poultry,80
415,Missoula,Montana,11-14-2023,WOAH Non-Poultry,4
416,Deschutes,Oregon,11-14-2023,WOAH Non-Poultry,30
417,Lowndes,Mississippi,11-14-2022,WOAH Non-Poultry,8
418,Malheur,Oregon,11-13-2024,WOAH Non-Poultry,8
419,Pinal,Arizona,11-13-2024,Commercial Table Egg Layer,829200
420,Bonneville,Idaho,11-13-2023,WOAH Non-Poultry,50
421,Mcintosh,North Dakota,11-13-2023,WOAH Non-Poultry,50
422,Montrose,Colorado,11-13-2023,WOAH Non-Poultry,50
423,Missoula,Montana,11-12-2024,WOAH Poultry,280
424,Kern,California,11-12-2024,Commercial Table Egg Layer,2155100
425,Tulare,California,11-12-2024,WOAH Non-Poultry,120
426,Piute,Utah,11-12-2024,Commercial Turkey Meat Bird,37500
427,Fresno,California,11-12-2024,Commercial Broiler Production,237700
428,Fresno,California,11-12-2024,Commercial Turkey Meat Bird,34800
429,Queens,New York,11-12-2022,Live Bird Market,170
430,Lehigh,Pennsylvania,11-10-2022,Commercial Turkey Breeder Toms,160
431,Lehigh,Pennsylvania,11-10-2022,Commercial Turkey Meat Bird,18500
432,Lapeer,Michigan,11-10-2022,WOAH Poultry,990
433,Mountrail,North Dakota,11-10-2022,WOAH Non-Poultry,40
434,Ward,North Dakota,11-10-2022,WOAH Poultry,20
435,Roberts,South Dakota,11-09-2023,Commercial Turkey Meat Bird,51200
436,Redwood,Minnesota,11-09-2023,Commercial Turkey Meat Bird,18500
437,Sweet Grass,Montana,11-09-2023,WOAH Non-Poultry,3
438,Wheatland,Montana,11-09-2023,WOAH Poultry,4500
439,Steele,Minnesota,11-09-2023,Commercial Turkey Meat Bird,46900
440,Mcpherson,South Dakota,11-09-2023,Commercial Turkey Meat Bird,58400
441,Clark,South Dakota,11-08-2023,Commercial Upland Gamebird Producer,8500
442,Utah,Utah,11-08-2023,WOAH Non-Poultry,60
443,Matanuska Susitna,Alaska,11-08-2023,WOAH Non-Poultry,40
444,Charles Mix,South Dakota,11-08-2023,Commercial Turkey Meat Bird,74100
445,Kossuth,Iowa,11-08-2023,WOAH Poultry,8200
446,Lehigh,Pennsylvania,11-08-2022,Commercial Turkey Meat Bird,17400
447,Snohomish,Washington,11-08-2022,WOAH Non-Poultry,150
448,Lehigh,Pennsylvania,11-08-2022,Commercial Turkey Breeder Hens,7500
449,Louisa,Iowa,11-08-2022,WOAH Non-Poultry,20
450,Snohomish,Washington,11-07-2024,WOAH Non-Poultry,170
451,Stearns,Minnesota,11-07-2023,Commercial Turkey Meat Bird,70900
452,Jefferson,Wisconsin,11-07-2022,Commercial Upland Gamebird Producer,187900
453,Gloucester,Virginia,11-07-2022,WOAH Non-Poultry,80
454,Butler,Ohio,11-07-2022,WOAH Poultry,150
455,Converse,Wyoming,11-07-2022,WOAH Non-Poultry,20
456,Clay,Iowa,11-06-2023,WOAH Poultry,1700
457,Benton,Missouri,11-06-2023,Commercial Broiler Breeder,16600
458,Hamilton,Iowa,11-06-2023,Commercial Breeder (Multiple Bird Species),15000
459,Wright,Iowa,11-06-2022,Commercial Table Egg Layer,1022800
460,Sullivan,New York,11-04-2022,WOAH Non-Poultry,140
461,Lawrence,Mississippi,11-04-2022,Commercial Broiler Breeder,34400
462,Dauphin,Pennsylvania,11-04-2022,WOAH Non-Poultry,130
463,Lehigh,Pennsylvania,11-04-2022,Commercial Turkey Meat Bird,14500
464,Mcpherson,South Dakota,11-03-2023,Commercial Turkey Breeder Hens,26800
465,Clay,Iowa,11-03-2023,WOAH Poultry,8300
466,Clay,Iowa,11-03-2023,WOAH Poultry,7700
467,Wright,Minnesota,11-03-2023,Commercial Table Egg Layer,940000
468,Yamhill,Oregon,11-03-2022,WOAH Poultry,150
469,Middlesex,Massachusetts,11-03-2022,WOAH Non-Poultry,20
470,Marathon,Wisconsin,11-03-2022,WOAH Non-Poultry,30
471,Bottineau,North Dakota,11-03-2022,WOAH Poultry,130
472,Beaufort,South Carolina,11-03-2022,WOAH Non-Poultry,170
473,San Diego,California,11-03-2022,WOAH Poultry,150
474,Broward,Florida,11-03-2022,WOAH Non-Poultry,70
475,Lehigh,Pennsylvania,11-03-2022,Commercial Turkey Meat Bird,28500
476,Yavapai,Arizona,11-03-2022,WOAH Non-Poultry,30
477,Sonoma,California,11-02-2024,WOAH Non-Poultry,30
478,Sacramento,California,11-02-2024,Commercial Turkey Meat Bird,48300
479,Marshall,Alabama,11-02-2023,Commercial Broiler Breeder Pullets,47900
480,Grady,Oklahoma,11-02-2023,WOAH Non-Poultry,120
481,Allegheny,Pennsylvania,11-02-2022,WOAH Non-Poultry,20
482,Waukesha,Wisconsin,11-02-2022,WOAH Non-Poultry,10
483,Bergen,New Jersey,11-02-2022,WOAH Non-Poultry,60
484,Yavapai,Arizona,11-02-2022,WOAH Non-Poultry,50
485,Flathead,Montana,11-01-2024,WOAH Non-Poultry,40
486,Jackson,Oregon,11-01-2024,WOAH Non-Poultry,60
487,Stevens,Washington,11-01-2024,WOAH Non-Poultry,130
488,Okanogan,Washington,11-01-2024,WOAH Non-Poultry,20
489,Buena Vista,Iowa,11-01-2023,Commercial Turkey Meat Bird,30000
490,Wayne,New York,11-01-2022,WOAH Non-Poultry,10
491,Granite,Montana,11-01-2022,WOAH Poultry,40
492,Stearns,Minnesota,11-01-2022,Commercial Turkey Meat Bird,8500
493,Deschutes,Oregon,11-01-2022,WOAH Non-Poultry,8
494,Gregory,South Dakota,11-01-2022,Commercial Upland Gamebird Producer,3000
495,Lincoln,Tennessee,10-31-2023,WOAH Non-Poultry,100
496,Meeker,Minnesota,10-31-2023,Commercial Turkey Meat Bird,32100
497,Madison,Arkansas,10-31-2023,Commercial Broiler Breeder Pullets,31600
498,Beadle,South Dakota,10-31-2023,Commercial Turkey Meat Bird,29700
499,Wagoner,Oklahoma,10-31-2023,WOAH Non-Poultry,50
500,Wright,Iowa,10-31-2022,Commercial Table Egg Layer,1100000
501,Swift,Minnesota,10-31-2022,Commercial Turkey Meat Bird,45600
502,Tipton,Tennessee,10-31-2022,WOAH Non-Poultry,90
503,Venango,Pennsylvania,10-30-2024,WOAH Non-Poultry,20
504,Kings,California,10-30-2024,Commercial Broiler Production,117200
505,Fresno,California,10-30-2024,Commercial Broiler Production,204600
506,Kings,California,10-29-2024,Commercial Broiler Production,305500
507,Kings,California,10-29-2024,Commercial Broiler Production,104500
508,Tulare,California,10-29-2024,WOAH Non-Poultry,10
509,Matanuska Susitna,Alaska,10-28-2023,WOAH Non-Poultry,30
510,Matanuska Susitna,Alaska,10-28-2023,WOAH Non-Poultry,50
511,Hillsborough,Florida,10-28-2022,WOAH Non-Poultry,40
512,Kittitas,Washington,10-27-2023,WOAH Poultry,70
513,Chilton,Alabama,10-27-2023,Commercial Upland Gamebird Producer,306500
514,Le Sueur,Minnesota,10-27-2022,Commercial Turkey Meat Bird,20100
515,Stearns,Minnesota,10-27-2022,Commercial Turkey Meat Bird,75000
516,Merced,California,10-26-2023,Commercial Turkey Meat Bird,31600
517,La Plata,Colorado,10-26-2022,WOAH Non-Poultry,20
518,Pasco,Florida,10-26-2022,WOAH Non-Poultry,40
519,Crook,Oregon,10-25-2024,WOAH Non-Poultry,180
520,Lewis,Washington,10-25-2024,WOAH Non-Poultry,60
521,Union,Oregon,10-25-2023,WOAH Non-Poultry,30
522,Pine,Minnesota,10-25-2023,WOAH Non-Poultry,30
523,Brown,Minnesota,10-25-2023,WOAH Non-Poultry,20
524,Clark,South Dakota,10-25-2023,Commercial Turkey Meat Bird,31100
525,Beadle,South Dakota,10-25-2023,Commercial Turkey Meat Bird,51100
526,Meeker,Minnesota,10-25-2023,Commercial Turkey Meat Bird,33000
527,Hanson,South Dakota,10-25-2023,Commercial Turkey Meat Bird,13400
528,Grant,South Dakota,10-25-2022,WOAH Non-Poultry,50
529,Sanpete,Utah,10-25-2022,Commercial Turkey Meat Bird,3900
530,Swift,Minnesota,10-25-2022,Commercial Turkey Meat Bird,33800
531,Indian River,Florida,10-25-2022,WOAH Non-Poultry,30
532,Lake,Florida,10-25-2022,WOAH Non-Poultry,9
533,Martin,Florida,10-25-2022,WOAH Non-Poultry,30
534,Indian River,Florida,10-25-2022,WOAH Poultry,50
535,Tulare,California,10-24-2024,Commercial Broiler Production,6000
536,Guthrie,Iowa,10-24-2023,WOAH Non-Poultry,50
537,Pocahontas,Iowa,10-24-2023,Commercial Turkey Meat Bird,50000
538,Kandiyohi,Minnesota,10-24-2023,Commercial Turkey Meat Bird,53700
539,Blue Earth,Minnesota,10-24-2023,Commercial Turkey Meat Bird,11900
540,Clackamas,Oregon,10-23-2024,Commercial Table Egg Layer,150000
541,Buena Vista,Iowa,10-23-2023,Commercial Turkey Meat Bird,49100
542,Ocean,New Jersey,10-22-2022,WOAH Non-Poultry,90
543,Southampton,Virginia,10-22-2022,WOAH Non-Poultry,170
544,Cleveland,Oklahoma,10-21-2022,WOAH Non-Poultry,30
545,Itasca,Minnesota,10-21-2022,WOAH Non-Poultry,40
546,Wake,North Carolina,10-21-2022,WOAH Non-Poultry,170
547,Union,Oregon,10-20-2023,WOAH Poultry,100
548,Creek,Oklahoma,10-20-2022,WOAH Non-Poultry,50
549,Virginia Beach City,Virginia,10-20-2022,WOAH Non-Poultry,10
550,Jefferson,Colorado,10-20-2022,WOAH Poultry,50
551,Spink,South Dakota,10-20-2022,WOAH Non-Poultry,160
552,Okeechobee,Florida,10-20-2022,WOAH Non-Poultry,2
553,Hill,Montana,10-20-2022,WOAH Non-Poultry,60
554,Valley,Idaho,10-20-2022,WOAH Non-Poultry,20
555,Indian River,Florida,10-20-2022,WOAH Non-Poultry,60
556,Dallas,Iowa,10-20-2022,WOAH Non-Poultry,50
557,Newport,Rhode Island,10-20-2022,WOAH Non-Poultry,60
558,Becker,Minnesota,10-19-2023,Commercial Breeder Operation,20200
559,Park,Montana,10-19-2023,WOAH Non-Poultry,3
560,Spink,South Dakota,10-19-2023,Commercial Turkey Meat Bird,34000
561,Shawnee,Kansas,10-19-2022,WOAH Poultry,120
562,Sanpete,Utah,10-19-2022,Commercial Turkey Meat Bird,9400
563,Roberts,South Dakota,10-19-2022,Commercial Breeder Operation,3600
564,Rockwall,Texas,10-19-2022,WOAH Non-Poultry,50
565,Blue Earth,Minnesota,10-18-2023,Commercial Turkey Meat Bird,11500
566,Redwood,Minnesota,10-18-2023,Commercial Turkey Meat Bird,8900
567,St. Lucie,Florida,10-18-2022,WOAH Non-Poultry,6
568,Sanpete,Utah,10-18-2022,Commercial Turkey Meat Bird,100800
569,York,Nebraska,10-18-2022,Commercial Upland Gamebird Producer,34900
570,Traill,North Dakota,10-18-2022,WOAH Non-Poultry,90
571,Indian River,Florida,10-18-2022,WOAH Non-Poultry,300
572,Osceola,Florida,10-18-2022,WOAH Non-Poultry,20
573,Jackson,Missouri,10-18-2022,WOAH Non-Poultry,40
574,Kitsap,Washington,10-17-2024,WOAH Non-Poultry,60
575,Faulk,South Dakota,10-17-2023,Commercial Turkey Meat Bird,49700
576,Becker,Minnesota,10-17-2023,Commercial Turkey Breeder Toms,2700
577,Mcpherson,South Dakota,10-17-2023,Commercial Turkey Meat Bird,65000
578,King,Washington,10-17-2023,WOAH Non-Poultry,10
579,Adams,Pennsylvania,10-17-2022,Commercial Turkey Meat Bird,15100
580,Nye,Nevada,10-17-2022,WOAH Poultry,1600
581,Tulare,California,10-16-2024,Commercial Broiler Production,786600
582,Carter,Oklahoma,10-16-2023,WOAH Non-Poultry,80
583,Franklin,Washington,10-15-2024,Commercial Table Egg Layer,839700
584,Cache,Utah,10-15-2024,Commercial Table Egg Layer,1852900
585,Larimer,Colorado,10-14-2022,WOAH Non-Poultry,20
586,Matanuska Susitna,Alaska,10-14-2022,WOAH Poultry,1000
587,Tulsa,Oklahoma,10-14-2022,WOAH Non-Poultry,30
588,Pope,Arkansas,10-14-2022,WOAH Non-Poultry,470
589,Broward,Florida,10-14-2022,WOAH Poultry,300
590,La Plata,Colorado,10-14-2022,WOAH Non-Poultry,40
591,Meeker,Minnesota,10-13-2023,Commercial Turkey Meat Bird,71000
592,Flathead,Montana,10-13-2023,WOAH Non-Poultry,8
593,Golden Valley,North Dakota,10-13-2023,WOAH Non-Poultry,90
594,Stanislaus,California,10-13-2022,Commercial Turkey Meat Bird,54900
595,Warren,New Jersey,10-13-2022,WOAH Non-Poultry,6
596,Saint Croix,Wisconsin,10-13-2022,WOAH Non-Poultry,20
597,Sanpete,Utah,10-13-2022,Commercial Turkey Meat Bird,100000
598,Weld,Colorado,10-12-2023,WOAH Non-Poultry,30
599,Williams,North Dakota,10-12-2023,WOAH Non-Poultry,10
600,Weld,Colorado,10-12-2022,WOAH Non-Poultry,40
601,Beadle,South Dakota,10-12-2022,Commercial Turkey Meat Bird,71400
602,Fremont,Wyoming,10-12-2022,WOAH Non-Poultry,30
603,Sanpete,Utah,10-12-2022,Commercial Turkey Meat Bird,52800
604,Genesee,Michigan,10-12-2022,WOAH Non-Poultry,20
605,Hamlin,South Dakota,10-12-2022,WOAH Non-Poultry,20
606,Meeker,Minnesota,10-11-2023,Commercial Turkey Meat Bird,115000
607,Adams,Pennsylvania,10-11-2022,WOAH Poultry,2800
608,Gregory,South Dakota,10-11-2022,Commercial Upland Gamebird Producer,200
609,Lapeer,Michigan,10-11-2022,WOAH Poultry,40
610,Logan,Kentucky,10-11-2022,WOAH Non-Poultry,190
611,Martin,Florida,10-11-2022,WOAH Non-Poultry,50
612,Broward,Florida,10-11-2022,WOAH Non-Poultry,40
613,Glacier,Montana,10-10-2023,WOAH Poultry,77100
614,Miami-dade,Florida,10-07-2024,Live Bird Sales  (non-slaughter),70
615,Neosho,Kansas,10-07-2022,WOAH Poultry,2000
616,Lapeer,Michigan,10-07-2022,WOAH Poultry,100
617,Madison,Arkansas,10-07-2022,Commercial Broiler Breeder Pullets,56000
618,Boulder,Colorado,10-07-2022,WOAH Poultry,600
619,Sanpete,Utah,10-07-2022,Commercial Turkey Meat Bird,38900
620,Pope,Minnesota,10-07-2022,WOAH Non-Poultry,30
621,Sanpete,Utah,10-07-2022,Commercial Turkey Meat Bird,26700
622,Johnson,Kansas,10-07-2022,WOAH Poultry,6
623,Sanpete,Utah,10-06-2023,Commercial Turkey Meat Bird,7600
624,Sanpete,Utah,10-06-2023,Commercial Turkey Meat Bird,134200
625,Fayette,Kentucky,10-06-2022,WOAH Poultry,150
626,Brule,South Dakota,10-06-2022,Commercial Upland Gamebird Producer,500
627,Hampton City,Virginia,10-06-2022,WOAH Non-Poultry,40
628,Matanuska Susitna,Alaska,10-05-2022,WOAH Non-Poultry,40
629,Glacier,Montana,10-05-2022,WOAH Non-Poultry,1100
630,Monroe,Pennsylvania,10-05-2022,WOAH Non-Poultry,40
631,Matanuska Susitna,Alaska,10-05-2022,WOAH Poultry,10
632,Berks,Pennsylvania,10-05-2022,WOAH Non-Poultry,10
633,New Haven,Connecticut,10-05-2022,WOAH Non-Poultry,50
634,Jerauld,South Dakota,10-04-2023,Commercial Turkey Meat Bird,47300
635,Westmoreland,Pennsylvania,10-04-2022,WOAH Non-Poultry,160
636,Monterey,California,10-04-2022,Commercial Duck Breeder,15100
637,Del Norte,California,10-04-2022,WOAH Poultry,43000
638,Box Butte,Nebraska,10-04-2022,WOAH Non-Poultry,100
639,Bernalillo,New Mexico,10-04-2022,WOAH Non-Poultry,40
640,York,Nebraska,10-04-2022,Commercial Upland Gamebird Producer,139500
641,Canyon,Idaho,10-03-2024,WOAH Poultry,100
642,Canyon,Idaho,10-03-2023,WOAH Non-Poultry,70
643,Stanislaus,California,10-03-2022,Commercial Turkey Meat Bird,51000
644,Calaveras,California,10-03-2022,WOAH Non-Poultry,20
645,Portage,Ohio,10-03-2022,WOAH Non-Poultry,50
646,Tuscola,Michigan,10-03-2022,WOAH Poultry,140
647,Cache,Utah,10-03-2022,WOAH Non-Poultry,320
648,Douglas,Oregon,09-30-2022,WOAH Non-Poultry,30
649,Nelson,North Dakota,09-30-2022,WOAH Non-Poultry,50
650,Sanpete,Utah,09-29-2022,Commercial Turkey Meat Bird,19900
651,Sanpete,Utah,09-29-2022,Commercial Turkey Meat Bird,19300
652,Mesa,Colorado,09-29-2022,WOAH Non-Poultry,40
653,Lancaster,Pennsylvania,09-29-2022,WOAH Non-Poultry,180
654,York,Pennsylvania,09-29-2022,Commercial Turkey Meat Bird,25900
655,Dunn,Wisconsin,09-29-2022,Commercial Turkey Meat Bird,79500
656,Sanpete,Utah,09-28-2022,Commercial Turkey Meat Bird,24400
657,Tillamook,Oregon,09-28-2022,WOAH Non-Poultry,40
658,Racine,Wisconsin,09-28-2022,Commercial Duck Meat Bird,10000
659,Tillamook,Oregon,09-28-2022,WOAH Non-Poultry,10
660,Lincoln,Idaho,09-27-2024,WOAH Poultry,700
661,Sanpete,Utah,09-27-2022,Commercial Turkey Meat Bird,36700
662,Goodhue,Minnesota,09-27-2022,WOAH Non-Poultry,80
663,Ransom,North Dakota,09-27-2022,Commercial Turkey Meat Bird,69100
664,Sanpete,Utah,09-27-2022,Commercial Turkey Meat Bird,127200
665,Kent,Delaware,09-24-2022,WOAH Non-Poultry,30
666,Kent,Delaware,09-24-2022,WOAH Non-Poultry,10
667,Dallas,Texas,09-24-2022,WOAH Non-Poultry,60
668,Mcpherson,South Dakota,09-24-2022,Commercial Turkey Meat Bird,56900
669,Merrimack,New Hampshire,09-23-2022,WOAH Poultry,250
670,Anne Arundel,Maryland,09-22-2022,WOAH Non-Poultry,4
671,Ward,North Dakota,09-22-2022,WOAH Poultry,60
672,Kingsbury,South Dakota,09-22-2022,WOAH Non-Poultry,250
673,Todd,Minnesota,09-22-2022,WOAH Non-Poultry,50
674,Sanpete,Utah,09-21-2022,Commercial Turkey Meat Bird,11100
675,Weld,Colorado,09-21-2022,Commercial Table Egg Layer,1150000
676,Otter Tail,Minnesota,09-21-2022,Commercial Turkey Meat Bird,5900
677,Roseau,Minnesota,09-21-2022,Commercial Turkey Meat Bird,116000
678,Gooding,Idaho,09-21-2022,Commercial Upland Gamebird Producer,9000
679,Washington,Pennsylvania,09-20-2022,WOAH Poultry,1800
680,Sanpete,Utah,09-20-2022,Commercial Turkey Meat Bird,73200
681,Stearns,Minnesota,09-20-2022,Commercial Turkey Meat Bird,64600
682,Clark,South Dakota,09-20-2022,Commercial Turkey Meat Bird,23900
683,Clark,South Dakota,09-20-2022,Commercial Turkey Meat Bird,41700
684,Fresno,California,09-20-2022,WOAH Non-Poultry,100
685,Brown,Minnesota,09-20-2022,Commercial Turkey Meat Bird,43000
686,Macomb,Michigan,09-19-2022,WOAH Non-Poultry,40
687,Dawes,Nebraska,09-19-2022,WOAH Non-Poultry,40
688,Merced,California,09-18-2024,Commercial Turkey Meat Bird,64800
689,Orange,Florida,09-18-2024,Live Bird Market,2500
690,Pierce,Washington,09-16-2022,WOAH Non-Poultry,30
691,Union,New Jersey,09-15-2023,Live Bird Market,520
692,Obion,Tennessee,09-15-2022,WOAH Poultry,130
693,Bristol,Massachusetts,09-15-2022,WOAH Non-Poultry,50
694,Summit,Ohio,09-15-2022,WOAH Non-Poultry,6
695,Teton,Montana,09-15-2022,WOAH Poultry,2800
696,Fresno,California,09-15-2022,Commercial Broiler Breeder,15900
697,Allen,Ohio,09-14-2022,WOAH Non-Poultry,2
698,Otter Tail,Minnesota,09-14-2022,Commercial Turkey Breeder Hens,7900
699,Meeker,Minnesota,09-14-2022,Commercial Turkey Meat Bird,61400
700,Isanti,Minnesota,09-14-2022,WOAH Non-Poultry,4
701,Williams,Ohio,09-14-2022,WOAH Non-Poultry,60
702,Ingham,Michigan,09-13-2022,WOAH Poultry,20
703,Freeborn,Minnesota,09-13-2022,WOAH Non-Poultry,320
704,Brown,Minnesota,09-13-2022,Commercial Turkey Meat Bird,43700
705,Stearns,Minnesota,09-13-2022,Commercial Turkey Meat Bird,69400
706,Sanpete,Utah,09-13-2022,Commercial Turkey Meat Bird,5800
707,Twin Falls,Idaho,09-12-2022,WOAH Non-Poultry,40
708,Fresno,California,09-09-2022,Commercial Broiler Breeder,23900
709,El Dorado,California,09-09-2022,WOAH Non-Poultry,150
710,Becker,Minnesota,09-09-2022,Commercial Turkey Breeder Hens,17100
711,Meeker,Minnesota,09-08-2022,Commercial Turkey Meat Bird,34200
712,Morrison,Minnesota,09-07-2022,Commercial Turkey Meat Bird,50200
713,Defiance,Ohio,09-03-2022,Commercial Table Egg Layer,3748500
714,Ashland,Ohio,09-03-2022,WOAH Non-Poultry,640
715,Washington,Wisconsin,09-02-2022,WOAH Poultry,120
716,Cass,North Dakota,09-01-2022,WOAH Non-Poultry,6
717,Fresno,California,09-01-2022,Commercial Broiler Breeder,22900
718,Sacramento,California,09-01-2022,WOAH Non-Poultry,20
719,Tuolumne,California,09-01-2022,Commercial Turkey Meat Bird,30800
720,Elkhart,Indiana,09-01-2022,WOAH Poultry,260
721,Hennepin,Minnesota,09-01-2022,WOAH Non-Poultry,10
722,Sacramento,California,08-30-2022,Commercial Turkey Meat Bird,97000
723,Tuolumne,California,08-30-2022,Commercial Turkey Meat Bird,91000
724,Meeker,Minnesota,08-30-2022,Commercial Turkey Meat Bird,52000
725,Tuolumne,California,08-30-2022,Commercial Turkey Meat Bird,7400
726,Meeker,Minnesota,08-30-2022,Commercial Turkey Meat Bird,126400
727,Caroline,Virginia,08-29-2022,WOAH Non-Poultry,110
728,Fresno,California,08-26-2022,Commercial Broiler Breeder,34800
729,Tuolumne,California,08-26-2022,Commercial Turkey Meat Bird,161700
730,Cowlitz,Washington,08-26-2022,WOAH Non-Poultry,20
731,Pierce,Washington,08-25-2022,WOAH Non-Poultry,70
732,Weber,Utah,08-24-2022,WOAH Non-Poultry,20
733,Contra Costa,California,08-23-2022,WOAH Non-Poultry,60
734,Fresno,California,08-22-2022,Commercial Broiler Breeder,33900
735,Henry,Georgia,08-22-2022,WOAH Non-Poultry,80
736,Hillsborough,Florida,08-20-2024,Live Bird Market,880
737,Kitsap,Washington,08-19-2022,WOAH Non-Poultry,10
738,Walla Walla,Washington,08-18-2022,WOAH Non-Poultry,2
739,Butte,California,08-16-2022,WOAH Non-Poultry,1100
740,Osceola,Florida,08-16-2022,WOAH Non-Poultry,10
741,Northampton,Pennsylvania,08-11-2022,WOAH Poultry,90
742,Sacramento,California,08-10-2022,WOAH Non-Poultry,40
743,Miami-dade,Florida,08-05-2024,WOAH Poultry,5400
744,Kings,New York,08-03-2023,Live Bird Market,800
745,Bethel,Alaska,08-02-2022,WOAH Non-Poultry,20
746,Kings,New York,07-28-2023,Live Bird Market,490
747,Coos,Oregon,07-28-2022,WOAH Non-Poultry,20
748,Flathead,Montana,07-26-2022,WOAH Non-Poultry,7
749,Jefferson,Washington,07-26-2022,WOAH Non-Poultry,80
750,Sanpete,Utah,07-26-2022,Commercial Turkey Meat Bird,12700
751,Kings,New York,07-25-2023,Live Bird Market,570
752,Hendry,Florida,07-24-2024,WOAH Non-Poultry,5
753,Deschutes,Oregon,07-22-2022,WOAH Non-Poultry,120
754,Deschutes,Oregon,07-22-2022,WOAH Non-Poultry,90
755,Seminole,Florida,07-21-2022,WOAH Non-Poultry,160
756,Deschutes,Oregon,07-21-2022,WOAH Poultry,60
757,Miami-dade,Florida,07-19-2024,Live Bird Market,80
758,Weld,Colorado,07-19-2024,Commercial Table Egg Pullets,300800
759,Miami-dade,Florida,07-19-2024,Live Bird Market,320
760,Miami-dade,Florida,07-19-2024,Live Bird Market,390
761,Deschutes,Oregon,07-19-2022,WOAH Poultry,100
762,Snohomish,Washington,07-19-2022,WOAH Poultry,340
763,Sanpete,Utah,07-19-2022,Commercial Turkey Meat Bird,23300
764,Weld,Colorado,07-16-2024,Commercial Table Egg Layer,1313800
765,Deschutes,Oregon,07-15-2022,WOAH Poultry,60
766,Sanpete,Utah,07-14-2022,Commercial Turkey Meat Bird,15500
767,Deschutes,Oregon,07-12-2022,WOAH Poultry,100
768,Twin Falls,Idaho,07-11-2024,WOAH Non-Poultry,30
769,Renville,Minnesota,07-09-2024,Commercial Turkey Breeder Hens,15400
770,Kandiyohi,Minnesota,07-09-2024,Commercial Turkey Breeder Toms,4200
771,Kandiyohi,Minnesota,07-09-2024,Commercial Turkey Breeder Hens,21900
772,Weld,Colorado,07-08-2024,Commercial Table Egg Layer,1790800
773,Carson City,Nevada,07-07-2022,WOAH Non-Poultry,40
774,Linn,Oregon,07-06-2022,WOAH Non-Poultry,40
775,Jefferson,Washington,07-06-2022,WOAH Non-Poultry,20
776,Kitsap,Washington,07-01-2022,WOAH Non-Poultry,6
777,King,Washington,07-01-2022,WOAH Poultry,220
778,Salt Lake,Utah,07-01-2022,WOAH Non-Poultry,20
779,Yakima,Washington,06-29-2022,WOAH Non-Poultry,6
780,Cumberland,Maine,06-29-2022,WOAH Non-Poultry,20
781,Otter Tail,Minnesota,06-27-2024,Commercial Turkey Meat Bird,67400
782,Swift,Minnesota,06-27-2024,Commercial Turkey Meat Bird,25300
783,Morgan,Colorado,06-27-2024,WOAH Non-Poultry,40
784,Larimer,Colorado,06-26-2024,WOAH Non-Poultry,10
785,Stearns,Minnesota,06-24-2024,WOAH Non-Poultry,310
786,Pierce,Washington,06-24-2022,WOAH Non-Poultry,50
787,King,Washington,06-22-2022,WOAH Non-Poultry,9
788,Snohomish,Washington,06-22-2022,WOAH Non-Poultry,200
789,King,Washington,06-22-2022,WOAH Non-Poultry,3
790,Yakima,Washington,06-22-2022,WOAH Non-Poultry,90
791,Sac,Iowa,06-21-2024,Commercial Turkey Meat Bird,46100
792,Swift,Minnesota,06-18-2024,Commercial Turkey Meat Bird,113600
793,Pipestone,Minnesota,06-18-2024,Commercial Turkey Meat Bird,70800
794,Yakima,Washington,06-14-2022,WOAH Non-Poultry,30
795,Stearns,Minnesota,06-13-2024,Commercial Turkey Meat Bird,32900
796,Salt Lake,Utah,06-13-2022,WOAH Non-Poultry,70
797,Lyon,Minnesota,06-12-2024,Commercial Turkey Meat Bird,89500
798,Jerome,Idaho,06-10-2024,WOAH Non-Poultry,30
799,Weld,Colorado,06-09-2022,Commercial Table Egg Pullets,205000
800,Yakima,Washington,06-09-2022,WOAH Non-Poultry,70
801,Allen,Indiana,06-09-2022,WOAH Non-Poultry,40
802,Snohomish,Washington,06-09-2022,WOAH Non-Poultry,9
803,Snohomish,Washington,06-09-2022,WOAH Non-Poultry,30
804,Polk,Oregon,06-08-2022,WOAH Non-Poultry,90
805,Weld,Colorado,06-07-2022,Commercial Table Egg Layer,1936800
806,King,Washington,06-07-2022,WOAH Poultry,50
807,Allen,Indiana,06-07-2022,WOAH Poultry,110
808,Mchenry,North Dakota,06-06-2022,WOAH Poultry,30
809,Cherokee,Iowa,06-03-2024,Commercial Turkey Meat Bird,100000
810,Snohomish,Washington,06-02-2022,WOAH Non-Poultry,30
811,Berks,Pennsylvania,06-02-2022,Commercial Duck Meat Bird,30100
812,Toombs,Georgia,06-01-2022,WOAH Non-Poultry,490
813,Stearns,Minnesota,05-31-2024,Commercial Turkey Meat Bird,43000
814,Richland,South Carolina,05-31-2024,WOAH Non-Poultry,30
815,Becker,Minnesota,05-31-2022,WOAH Non-Poultry,40
816,Stearns,Minnesota,05-29-2024,Commercial Turkey Meat Bird,32400
817,Sioux,Iowa,05-28-2024,Commercial Table Egg Layer,4287400
818,Snohomish,Washington,05-27-2022,WOAH Non-Poultry,40
819,King,Washington,05-25-2022,WOAH Non-Poultry,20
820,King,Washington,05-24-2022,WOAH Non-Poultry,180
821,King,Washington,05-24-2022,WOAH Non-Poultry,7
822,Ada,Idaho,05-24-2022,WOAH Non-Poultry,30
823,Berks,Pennsylvania,05-23-2022,Commercial Duck Breeder,4700
824,Bayfield,Wisconsin,05-23-2022,WOAH Non-Poultry,40
825,Morrison,Minnesota,05-21-2024,Commercial Turkey Meat Bird,51900
826,Stearns,Minnesota,05-21-2024,Commercial Turkey Breeder Hens,6800
827,Stearns,Minnesota,05-21-2024,Commercial Turkey Meat Bird,7000
828,Meeker,Minnesota,05-21-2024,Commercial Table Egg Layer,1368800
829,Stearns,Minnesota,05-21-2024,Commercial Turkey Meat Bird,17100
830,Dakota,Minnesota,05-21-2022,Commercial Turkey Meat Bird,54400
831,Jerome,Idaho,05-20-2024,WOAH Poultry,80
832,Codington,South Dakota,05-20-2022,WOAH Poultry,80
833,Polk,Minnesota,05-20-2022,WOAH Non-Poultry,50
834,Ada,Idaho,05-20-2022,WOAH Non-Poultry,7
835,Campbell,Wyoming,05-20-2022,WOAH Non-Poultry,30
836,Ada,Idaho,05-19-2022,WOAH Poultry,70
837,Jefferson,Colorado,05-19-2022,WOAH Non-Poultry,10
838,Ada,Idaho,05-19-2022,WOAH Non-Poultry,30
839,Allen,Indiana,05-19-2022,WOAH Non-Poultry,7
840,Canyon,Idaho,05-19-2022,WOAH Non-Poultry,10
841,Canyon,Idaho,05-19-2022,WOAH Non-Poultry,10
842,Rowan,North Carolina,05-18-2023,WOAH Non-Poultry,30
843,Phelps,Missouri,05-18-2023,WOAH Non-Poultry,80
844,Canyon,Idaho,05-18-2022,WOAH Poultry,6
845,Canyon,Idaho,05-18-2022,WOAH Poultry,160
846,Clay,Minnesota,05-18-2022,WOAH Non-Poultry,20
847,Ada,Idaho,05-18-2022,WOAH Non-Poultry,6
848,Berks,Pennsylvania,05-18-2022,Commercial Duck Breeder,7200
849,Canyon,Idaho,05-18-2022,WOAH Non-Poultry,10
850,Kandiyohi,Minnesota,05-18-2022,Commercial Turkey Breeder Toms,4700
851,Canyon,Idaho,05-17-2022,WOAH Poultry,30
852,Canyon,Idaho,05-17-2022,WOAH Non-Poultry,50
853,Thurston,Washington,05-17-2022,WOAH Non-Poultry,410
854,Monmouth,New Jersey,05-17-2022,WOAH Poultry,60
855,Salt Lake,Utah,05-17-2022,WOAH Non-Poultry,30
856,Canyon,Idaho,05-17-2022,WOAH Poultry,30
857,Burke,North Dakota,05-17-2022,WOAH Non-Poultry,50
858,Ada,Idaho,05-17-2022,WOAH Poultry,9
859,Berks,Pennsylvania,05-17-2022,Commercial Table Egg Layer,79000
860,Ada,Idaho,05-17-2022,WOAH Non-Poultry,20
861,Lane,Oregon,05-17-2022,WOAH Poultry,450
862,Boone,Illinois,05-17-2022,WOAH Non-Poultry,20
863,Dunn,Wisconsin,05-16-2022,WOAH Non-Poultry,150
864,Berks,Pennsylvania,05-14-2022,Commercial Table Egg Breeder,83700
865,Barron,Wisconsin,05-13-2022,Commercial Turkey Meat Bird,10500
866,Lincoln,Wyoming,05-13-2022,WOAH Non-Poultry,40
867,Ada,Idaho,05-13-2022,WOAH Non-Poultry,60
868,Canyon,Idaho,05-13-2022,WOAH Non-Poultry,9
869,Sheridan,Wyoming,05-13-2022,WOAH Non-Poultry,20
870,Marinette,Wisconsin,05-13-2022,WOAH Non-Poultry,90
871,Chisago,Minnesota,05-12-2022,WOAH Non-Poultry,40
872,Ada,Idaho,05-12-2022,WOAH Non-Poultry,10
873,Whatcom,Washington,05-12-2022,WOAH Non-Poultry,80
874,Grant,Minnesota,05-12-2022,WOAH Non-Poultry,310
875,Okanogan,Washington,05-12-2022,WOAH Non-Poultry,20
876,Nobles,Minnesota,05-11-2023,WOAH Non-Poultry,100
877,Clallam,Washington,05-11-2022,WOAH Non-Poultry,10
878,Clallam,Washington,05-11-2022,WOAH Non-Poultry,10
879,Chisago,Minnesota,05-11-2022,WOAH Poultry,160
880,Pierce,Washington,05-11-2022,WOAH Non-Poultry,20
881,Ada,Idaho,05-11-2022,WOAH Non-Poultry,4
882,Cache,Utah,05-11-2022,WOAH Non-Poultry,20
883,Jerome,Idaho,05-10-2024,WOAH Non-Poultry,20
884,Jerome,Idaho,05-10-2024,WOAH Poultry,1100
885,Ionia,Michigan,05-10-2024,WOAH Non-Poultry,90
886,Todd,Minnesota,05-10-2022,WOAH Non-Poultry,50
887,Muskegon,Michigan,05-10-2022,Commercial Turkey Meat Bird,35100
888,Crow Wing,Minnesota,05-10-2022,WOAH Poultry,150
889,Pierce,Washington,05-10-2022,WOAH Non-Poultry,20
890,Berks,Pennsylvania,05-10-2022,Commercial Duck Meat Bird,37300
891,Ada,Idaho,05-10-2022,WOAH Poultry,70
892,Berks,Pennsylvania,05-10-2022,Commercial Duck Breeder,23800
893,Lancaster,Pennsylvania,05-10-2022,Commercial Table Egg Layer,72300
894,San Francisco,California,05-09-2024,Live Bird Market,700
895,Canyon,Idaho,05-09-2022,WOAH Poultry,50
896,Spokane,Washington,05-07-2022,WOAH Non-Poultry,80
897,Barron,Wisconsin,05-07-2022,Commercial Turkey Meat Bird,20100
898,Cassia,Idaho,05-06-2024,WOAH Non-Poultry,600
899,Oakland,Michigan,05-06-2022,WOAH Non-Poultry,50
900,Fergus,Montana,05-06-2022,WOAH Non-Poultry,20
901,Anoka,Minnesota,05-06-2022,WOAH Non-Poultry,10
902,Posey,Indiana,05-05-2023,WOAH Non-Poultry,20
903,Linn,Oregon,05-05-2022,WOAH Non-Poultry,90
904,Pacific,Washington,05-05-2022,WOAH Poultry,40
905,Pierce,Wisconsin,05-05-2022,WOAH Non-Poultry,30
906,Day,South Dakota,05-04-2022,WOAH Poultry,80
907,Hamlin,South Dakota,05-04-2022,WOAH Non-Poultry,20
908,Carver,Minnesota,05-04-2022,WOAH Non-Poultry,30
909,Bremer,Iowa,05-04-2022,WOAH Non-Poultry,50
910,Berks,Pennsylvania,05-03-2022,Commercial Duck Meat Bird,74300
911,Chisago,Minnesota,05-03-2022,WOAH Non-Poultry,30
912,Barron,Wisconsin,05-03-2022,Commercial Turkey Meat Bird,46700
913,Barron,Wisconsin,05-03-2022,Commercial Turkey Meat Bird,19300
914,Berks,Pennsylvania,05-03-2022,Commercial Duck Breeder,29600
915,Polk,Wisconsin,05-03-2022,WOAH Non-Poultry,120
916,Sauk,Wisconsin,05-03-2022,WOAH Non-Poultry,40
917,Beadle,South Dakota,05-03-2022,Commercial Turkey Meat Bird,56200
918,Lyon,Minnesota,05-03-2022,Commercial Turkey Meat Bird,120300
919,Fond Du Lac,Wisconsin,05-03-2022,WOAH Non-Poultry,20
920,Kane,Illinois,05-03-2022,WOAH Non-Poultry,50
921,Gratiot,Michigan,05-02-2024,Commercial Turkey Meat Bird,26400
922,Dodge,Minnesota,05-02-2024,Commercial Breeder Operation,14100
923,Clay,Florida,04-30-2024,WOAH Non-Poultry,20
924,Sequoyah,Oklahoma,04-30-2022,Commercial Broiler Breeder,13800
925,Morrison,Minnesota,04-30-2022,WOAH Non-Poultry,50
926,Branch,Michigan,04-30-2022,WOAH Non-Poultry,20
927,Chisago,Minnesota,04-30-2022,WOAH Non-Poultry,60
928,Chisago,Minnesota,04-30-2022,WOAH Non-Poultry,30
929,Pondera,Montana,04-29-2022,WOAH Non-Poultry,2000
930,Barron,Wisconsin,04-29-2022,WOAH Non-Poultry,150
931,Gallatin,Montana,04-29-2022,WOAH Non-Poultry,20
932,Oconto,Wisconsin,04-29-2022,WOAH Non-Poultry,220
933,Matanuska Susitna,Alaska,04-29-2022,WOAH Non-Poultry,30
934,Stearns,Minnesota,04-29-2022,Commercial Turkey Breeder Hens,9600
935,Lancaster,Pennsylvania,04-29-2022,Commercial Duck Meat Bird,19300
936,Fergus,Montana,04-29-2022,WOAH Non-Poultry,110
937,Washington,Nebraska,04-29-2022,WOAH Non-Poultry,50
938,Weld,Colorado,04-29-2022,Commercial Table Egg Layer,1366200
939,Swift,Minnesota,04-28-2022,WOAH Non-Poultry,20
940,Caledonia,Vermont,04-28-2022,WOAH Non-Poultry,30
941,Carver,Minnesota,04-28-2022,WOAH Non-Poultry,20
942,Wexford,Michigan,04-28-2022,WOAH Poultry,70
943,Johnson,Indiana,04-28-2022,WOAH Non-Poultry,40
944,Barron,Wisconsin,04-28-2022,Commercial Turkey Meat Bird,110700
945,Republic,Kansas,04-27-2022,WOAH Poultry,110
946,Saginaw,Michigan,04-27-2022,WOAH Non-Poultry,80
947,Knox,Nebraska,04-27-2022,Commercial Table Egg Layer,2118000
948,Lancaster,Pennsylvania,04-27-2022,Commercial Broiler Breeder Pullets,18100
949,Gratiot,Michigan,04-26-2024,Commercial Turkey Meat Bird,27700
950,Missoula,Montana,04-26-2022,WOAH Non-Poultry,70
951,Richland,North Dakota,04-26-2022,WOAH Poultry,20
952,Lancaster,Pennsylvania,04-26-2022,Commercial Table Egg Layer,307400
953,Kossuth,Iowa,04-26-2022,WOAH Non-Poultry,4
954,Cassia,Idaho,04-25-2024,WOAH Non-Poultry,40
955,Rice,Minnesota,04-25-2022,WOAH Non-Poultry,90
956,Cache,Utah,04-25-2022,Commercial Table Egg Layer,1501200
957,Menominee,Michigan,04-25-2022,WOAH Non-Poultry,40
958,Stearns,Minnesota,04-25-2022,Commercial Turkey Meat Bird,14600
959,Ottawa,Michigan,04-24-2024,Commercial Turkey Meat Bird,104000
960,Routt,Colorado,04-24-2023,WOAH Non-Poultry,20
961,Polk,Wisconsin,04-23-2022,WOAH Non-Poultry,40
962,Lancaster,Pennsylvania,04-22-2022,Commercial Broiler Production,50300
963,Otter Tail,Minnesota,04-22-2022,Commercial Turkey Meat Bird,27300
964,Swift,Minnesota,04-22-2022,Commercial Turkey Meat Bird,127400
965,Yellow Medicine,Minnesota,04-22-2022,Commercial Turkey Meat Bird,49500
966,Todd,Minnesota,04-21-2022,Commercial Turkey Meat Bird,37000
967,Renville,North Dakota,04-21-2022,WOAH Non-Poultry,70
968,Morrison,Minnesota,04-21-2022,Commercial Turkey Meat Bird,40900
969,Todd,Minnesota,04-21-2022,Commercial Turkey Meat Bird,19700
970,Richland,North Dakota,04-21-2022,Commercial Turkey Meat Bird,27500
971,Bremer,Iowa,04-21-2022,Commercial Turkey Meat Bird,29200
972,Stearns,Minnesota,04-20-2022,Commercial Turkey Meat Bird,62800
973,Todd,Minnesota,04-20-2022,Commercial Turkey Meat Bird,30300
974,Madison,Idaho,04-20-2022,WOAH Poultry,200
975,Elkhart,Indiana,04-20-2022,Commercial Duck Meat Bird,6600
976,Lancaster,Pennsylvania,04-20-2022,Commercial Table Egg Layer,1127700
977,Stearns,Minnesota,04-20-2022,Commercial Turkey Meat Bird,72000
978,Todd,Minnesota,04-20-2022,Commercial Turkey Meat Bird,30100
979,Glacier,Montana,04-20-2022,WOAH Poultry,54200
980,Lancaster,Pennsylvania,04-20-2022,Commercial Table Egg Layer,879400
981,Dickey,North Dakota,04-19-2023,Commercial Turkey Meat Bird,58500
982,Beadle,South Dakota,04-19-2023,Commercial Turkey Meat Bird,75800
983,Morrison,Minnesota,04-19-2022,Commercial Turkey Meat Bird,58100
984,Otter Tail,Minnesota,04-19-2022,Commercial Turkey Meat Bird,29700
985,La Plata,Colorado,04-19-2022,WOAH Poultry,40
986,Morrison,Minnesota,04-19-2022,Commercial Turkey Meat Bird,47700
987,Meeker,Minnesota,04-19-2022,Commercial Turkey Meat Bird,53000
988,Stutsman,North Dakota,04-19-2022,WOAH Poultry,20
989,Gooding,Idaho,04-19-2022,WOAH Non-Poultry,80
990,Montrose,Colorado,04-19-2022,Commercial Broiler Breeder,58000
991,Kandiyohi,Minnesota,04-19-2022,Commercial Turkey Meat Bird,38700
992,Morrison,Minnesota,04-19-2022,Commercial Turkey Meat Bird,17600
993,Kandiyohi,Minnesota,04-19-2022,Commercial Turkey Meat Bird,35700
994,Swift,Minnesota,04-19-2022,Commercial Turkey Meat Bird,31600
995,Queens,New York,04-18-2025,Live Bird Market,0
996,Kings,New York,04-18-2023,Live Bird Market,1400
997,Roosevelt,New Mexico,04-17-2024,Commercial Breeder (Multiple Bird Species),51800
998,Newaygo,Michigan,04-17-2024,Commercial Turkey Meat Bird,67200
999,Moffat,Colorado,04-17-2023,WOAH Non-Poultry,80
1000,Bonneville,Idaho,04-17-2023,WOAH Non-Poultry,40
1001,Putnam,New York,04-17-2023,WOAH Poultry,110
1002,Ionia,Michigan,04-16-2024,Commercial Table Egg Layer,2422700
1003,Menominee,Michigan,04-16-2022,WOAH Non-Poultry,30
1004,Miami-dade,Florida,04-15-2024,Live Bird Market,90
1005,Roosevelt,New Mexico,04-15-2024,Commercial Breeder (Multiple Bird Species),15900
1006,Utah,Utah,04-15-2022,WOAH Non-Poultry,7
1007,Polk,Wisconsin,04-15-2022,Commercial Turkey Meat Bird,22000
1008,Macomb,Michigan,04-15-2022,WOAH Non-Poultry,40
1009,Livingston,Michigan,04-15-2022,WOAH Non-Poultry,20
1010,Lancaster,Pennsylvania,04-15-2022,Commercial Table Egg Layer,1380500
1011,Darke,Ohio,04-14-2025,Commercial Table Egg Layer,293300
1012,Queens,New York,04-14-2025,Live Bird Market,390
1013,Sheridan,Nebraska,04-14-2023,WOAH Non-Poultry,10
1014,Rosebud,Montana,04-14-2023,WOAH Non-Poultry,0
1015,Blue Earth,Minnesota,04-14-2022,Commercial Turkey Meat Bird,26400
1016,Caribou,Idaho,04-14-2022,WOAH Non-Poultry,7
1017,Gooding,Idaho,04-14-2022,WOAH Poultry,20
1018,Meeker,Minnesota,04-14-2022,Commercial Turkey Meat Bird,73200
1019,Columbia,Wisconsin,04-14-2022,WOAH Non-Poultry,70
1020,Sheboygan,Wisconsin,04-14-2022,WOAH Non-Poultry,20
1021,Lamoure,North Dakota,04-14-2022,WOAH Non-Poultry,10
1022,Elkhart,Indiana,04-14-2022,Commercial Duck Breeder,6400
1023,Otter Tail,Minnesota,04-13-2022,Commercial Turkey Meat Bird,35700
1024,Barnes,North Dakota,04-13-2022,WOAH Poultry,90
1025,Benton,Minnesota,04-13-2022,WOAH Non-Poultry,7
1026,Menominee,Michigan,04-13-2022,WOAH Poultry,350
1027,Blue Earth,Minnesota,04-13-2022,Commercial Turkey Meat Bird,22700
1028,Deuel,South Dakota,04-13-2022,Commercial Upland Gamebird Producer,1400
1029,Mcpherson,Kansas,04-13-2022,Commercial Turkey Breeder Hens,6900
1030,Waseca,Minnesota,04-13-2022,Commercial Turkey Meat Bird,20300
1031,Roosevelt,New Mexico,04-12-2024,Commercial Breeder (Multiple Bird Species),61500
1032,Modoc,California,04-12-2023,WOAH Non-Poultry,60
1033,Putnam,New York,04-12-2023,WOAH Poultry,200
1034,Pueblo,Colorado,04-12-2023,WOAH Non-Poultry,30
1035,Dixon,Nebraska,04-12-2022,Commercial Table Egg Layer,1746900
1036,Toole,Montana,04-12-2022,WOAH Non-Poultry,20
1037,Sheridan,North Dakota,04-12-2022,WOAH Non-Poultry,30
1038,Kandiyohi,Minnesota,04-12-2022,Commercial Turkey Meat Bird,37100
1039,Morrison,Minnesota,04-12-2022,Commercial Turkey Meat Bird,37600
1040,Yellow Medicine,Minnesota,04-12-2022,Commercial Turkey Meat Bird,44800
1041,Morrison,Minnesota,04-12-2022,Commercial Broiler Production,42900
1042,Barron,Wisconsin,04-12-2022,Commercial Turkey Meat Bird,46500
1043,Benton,Minnesota,04-12-2022,WOAH Non-Poultry,130
1044,Morrison,Minnesota,04-12-2022,Commercial Table Egg Layer,216200
1045,Wayne,North Carolina,04-12-2022,Commercial Broiler Production,89700
1046,Hardin,Iowa,04-11-2025,WOAH Non-Poultry,410
1047,Queens,New York,04-11-2025,Live Bird Market,0
1048,Jefferson,New York,04-11-2025,WOAH Non-Poultry,0
1049,Meeker,Minnesota,04-11-2024,Commercial Turkey Meat Bird,68500
1050,Menominee,Michigan,04-11-2022,WOAH Non-Poultry,70
1051,Grant,Kansas,04-10-2024,WOAH Poultry,17700
1052,Mitchell,Kansas,04-10-2023,WOAH Non-Poultry,30
1053,Roosevelt,New Mexico,04-09-2025,WOAH Non-Poultry,9
1054,Ionia,Michigan,04-09-2024,Commercial Table Egg Layer,2147500
1055,Swift,Minnesota,04-09-2022,Commercial Turkey Meat Bird,130900
1056,Le Sueur,Minnesota,04-09-2022,Commercial Turkey Meat Bird,37800
1057,Stearns,Minnesota,04-09-2022,Commercial Turkey Meat Bird,26100
1058,Yankton,South Dakota,04-09-2022,Commercial Turkey Meat Bird,76100
1059,Queens,New York,04-08-2025,Live Bird Market,0
1060,Curry,New Mexico,04-08-2025,WOAH Poultry,200
1061,Beadle,South Dakota,04-08-2025,Commercial Turkey Meat Bird,33400
1062,Stutsman,North Dakota,04-08-2022,WOAH Poultry,40
1063,Edmunds,South Dakota,04-08-2022,Commercial Turkey Meat Bird,36400
1064,Elkhart,Indiana,04-08-2022,Commercial Duck Breeder,4700
1065,Pitkin,Colorado,04-08-2022,WOAH Poultry,30
1066,Clark,South Dakota,04-08-2022,Commercial Turkey Meat Bird,38700
1067,Renville,Minnesota,04-08-2022,Commercial Turkey Meat Bird,76400
1068,Otter Tail,Minnesota,04-08-2022,Commercial Turkey Meat Bird,29900
1069,Sheboygan,Wisconsin,04-07-2025,WOAH Poultry,38900
1070,Queens,New York,04-07-2025,Live Bird Market,300
1071,Cascade,Montana,04-07-2022,WOAH Poultry,22000
1072,Wayne,North Carolina,04-07-2022,Commercial Turkey Meat Bird,18500
1073,Racine,Wisconsin,04-07-2022,WOAH Poultry,220
1074,Judith Basin,Montana,04-07-2022,WOAH Non-Poultry,20
1075,Kandiyohi,Minnesota,04-07-2022,Commercial Turkey Breeder Hens,20800
1076,Fulton,New York,04-06-2022,WOAH Non-Poultry,4
1077,Dade,Missouri,04-06-2022,Commercial Turkey Meat Bird,14000
1078,Waseca,Minnesota,04-06-2022,Commercial Turkey Meat Bird,17900
1079,Park,Wyoming,04-06-2022,WOAH Non-Poultry,100
1080,Wayne,North Carolina,04-06-2022,Commercial Broiler Production,65600
1081,Wayne,North Carolina,04-06-2022,Commercial Broiler Production,216000
1082,Mcpherson,South Dakota,04-06-2022,Commercial Turkey Meat Bird,45900
1083,Queens,New York,04-05-2023,Live Bird Market,1300
1084,Morrison,Minnesota,04-05-2022,Commercial Turkey Meat Bird,26200
1085,Big Stone,Minnesota,04-05-2022,Commercial Turkey Meat Bird,49500
1086,Wayne,North Carolina,04-05-2022,Commercial Turkey Meat Bird,14200
1087,Spink,South Dakota,04-05-2022,Commercial Turkey Meat Bird,26300
1088,Faulk,South Dakota,04-05-2022,Commercial Turkey Meat Bird,48000
1089,Hardin,Iowa,04-05-2022,Commercial Turkey Meat Bird,46000
1090,Waseca,Minnesota,04-05-2022,Commercial Turkey Meat Bird,25500
1091,Stearns,Minnesota,04-05-2022,Commercial Turkey Meat Bird,40800
1092,Morrison,Minnesota,04-05-2022,Commercial Turkey Meat Bird,105300
1093,Meeker,Minnesota,04-05-2022,Commercial Turkey Meat Bird,128500
1094,Beadle,South Dakota,04-05-2022,Commercial Turkey Meat Bird,55600
1095,Cass,North Dakota,04-05-2022,WOAH Non-Poultry,110
1096,Sheridan,Wyoming,04-05-2022,WOAH Non-Poultry,50
1097,Clark,South Dakota,04-05-2022,Commercial Turkey Meat Bird,24000
1098,Scotts Bluff,Nebraska,04-05-2022,WOAH Non-Poultry,30
1099,Orleans,New York,04-05-2022,WOAH Poultry,30
1100,Lawrence,Missouri,04-05-2022,Commercial Turkey Meat Bird,27600
1101,Waldo,Maine,04-05-2022,WOAH Non-Poultry,50
1102,Larimer,Colorado,04-04-2025,WOAH Non-Poultry,20
1103,Kandiyohi,Minnesota,04-04-2022,Commercial Turkey Breeder Hens,20400
1104,Mcpherson,South Dakota,04-04-2022,Commercial Turkey Meat Bird,61000
1105,Kandiyohi,Minnesota,04-04-2022,Commercial Turkey Breeder Hens,48500
1106,Morrison,Minnesota,04-04-2022,Commercial Turkey Meat Bird,32400
1107,Kandiyohi,Minnesota,04-04-2022,Commercial Turkey Meat Bird,38500
1108,Hamilton,Iowa,04-04-2022,Commercial Turkey Poult Supplier,8100
1109,Lamoure,North Dakota,04-04-2022,Commercial Turkey Meat Bird,50900
1110,Becker,Minnesota,04-04-2022,Commercial Turkey Meat Bird,44700
1111,Le Sueur,Minnesota,04-03-2023,WOAH Non-Poultry,100
1112,Erath,Texas,04-03-2022,Commercial Upland Gamebird Producer,1700
1113,Le Sueur,Minnesota,04-03-2022,Commercial Turkey Meat Bird,19600
1114,Dodge,Minnesota,04-03-2022,Commercial Turkey Meat Bird,20000
1115,Queens,New York,04-02-2025,Live Bird Market,40
1116,Ionia,Michigan,04-02-2024,Commercial Table Egg Layer,1928500
1117,Parmer,Texas,04-02-2024,Commercial Table Egg Layer,1894100
1118,Lake,South Dakota,04-02-2022,Commercial Turkey Meat Bird,59000
1119,Lamoure,North Dakota,04-02-2022,Commercial Turkey Meat Bird,27400
1120,Wayne,North Carolina,04-02-2022,Commercial Turkey Meat Bird,16900
1121,Stearns,Minnesota,04-02-2022,Commercial Turkey Meat Bird,27600
1122,Johnston,North Carolina,04-02-2022,Commercial Turkey Meat Bird,9500
1123,Humboldt,Iowa,04-02-2022,Commercial Table Egg Breeder,15300
1124,Johnston,North Carolina,04-02-2022,Commercial Turkey Meat Bird,18900
1125,Sac,Iowa,04-02-2022,Commercial Turkey Meat Bird,37200
1126,Spink,South Dakota,04-02-2022,Commercial Turkey Meat Bird,41800
1127,Delaware,New York,04-01-2025,WOAH Non-Poultry,60
1128,Fremont,Wyoming,04-01-2022,WOAH Non-Poultry,50
1129,Jasper,Missouri,04-01-2022,Commercial Turkey Meat Bird,35300
1130,Edmunds,South Dakota,04-01-2022,Commercial Turkey Breeder Replacement Hens,30600
1131,Rock,Wisconsin,04-01-2022,WOAH Non-Poultry,20
1132,Charles Mix,South Dakota,04-01-2022,Commercial Turkey Meat Bird,81500
1133,Dickey,North Dakota,04-01-2022,Commercial Turkey Meat Bird,60700
1134,Mcpherson,South Dakota,03-31-2022,Commercial Turkey Breeder Hens,26000
1135,Osceola,Iowa,03-31-2022,Commercial Table Egg Layer,5011700
1136,Morrison,Minnesota,03-31-2022,Commercial Turkey Meat Bird,52600
1137,Stearns,Minnesota,03-31-2022,WOAH Non-Poultry,150
1138,Carroll,Illinois,03-31-2022,WOAH Non-Poultry,40
1139,Dickey,North Dakota,03-31-2022,WOAH Poultry,30
1140,Cherokee,Iowa,03-31-2022,Commercial Turkey Meat Bird,88000
1141,Umatilla,Oregon,03-30-2023,WOAH Non-Poultry,50
1142,Lincoln,Maine,03-30-2022,WOAH Non-Poultry,3
1143,Buena Vista,Iowa,03-30-2022,Commercial Turkey Meat Bird,35600
1144,Brule,South Dakota,03-30-2022,Commercial Turkey Meat Bird,55100
1145,Park,Wyoming,03-30-2022,WOAH Non-Poultry,40
1146,Johnson,Wyoming,03-29-2022,WOAH Non-Poultry,40
1147,Edmunds,South Dakota,03-29-2022,Commercial Turkey Breeder Hens,21900
1148,Spink,South Dakota,03-29-2022,Commercial Turkey Meat Bird,45900
1149,Monroe,New York,03-29-2022,WOAH Poultry,400
1150,Kidder,North Dakota,03-29-2022,WOAH Poultry,30
1151,Lac Qui Parle,Minnesota,03-29-2022,Commercial Turkey Meat Bird,22500
1152,Bon Homme,South Dakota,03-29-2022,Commercial Turkey Meat Bird,48200
1153,Kandiyohi,Minnesota,03-29-2022,Commercial Turkey Meat Bird,39500
1154,Berkshire,Massachusetts,03-29-2022,WOAH Non-Poultry,260
1155,Knox,Maine,03-29-2022,WOAH Non-Poultry,40
1156,Johnston,North Carolina,03-29-2022,Commercial Turkey Meat Bird,32100
1157,Franklin,Ohio,03-29-2022,WOAH Non-Poultry,8
1158,Kosciusko,Indiana,03-28-2025,Commercial Table Egg Pullets,21600
1159,Montgomery,Maryland,03-28-2025,WOAH Non-Poultry,10
1160,Guilford,North Carolina,03-28-2024,WOAH Non-Poultry,80
1161,Yuma,Colorado,03-28-2023,WOAH Poultry,310
1162,Guthrie,Iowa,03-28-2022,Commercial Table Egg Layer,1460000
1163,Hamilton,Iowa,03-28-2022,Commercial Turkey Meat Bird,25800
1164,Lancaster,Pennsylvania,03-27-2025,WOAH Poultry,160
1165,Queens,New York,03-27-2025,Live Bird Market,270
1166,Hutchinson,South Dakota,03-27-2022,Commercial Turkey Meat Bird,39200
1167,Mcpherson,South Dakota,03-27-2022,Commercial Turkey Meat Bird,43900
1168,Clark,South Dakota,03-27-2022,Commercial Turkey Meat Bird,43100
1169,Queens,New York,03-26-2025,Live Bird Market,1100
1170,Gentry,Missouri,03-26-2022,WOAH Non-Poultry,140
1171,Mower,Minnesota,03-26-2022,WOAH Non-Poultry,20
1172,Bon Homme,South Dakota,03-26-2022,WOAH Non-Poultry,230
1173,Washington,Maine,03-26-2022,WOAH Non-Poultry,20
1174,Meeker,Minnesota,03-26-2022,Commercial Turkey Meat Bird,287500
1175,Holt,Nebraska,03-26-2022,WOAH Non-Poultry,50
1176,Stearns,Minnesota,03-26-2022,Commercial Turkey Meat Bird,23500
1177,Miami-dade,Florida,03-25-2025,WOAH Non-Poultry,4
1178,Mitchell,Kansas,03-25-2022,WOAH Non-Poultry,20
1179,Suffolk,New York,03-25-2022,WOAH Poultry,290
1180,Franklin,Iowa,03-25-2022,Commercial Table Egg Pullets,250200
1181,Hutchinson,South Dakota,03-25-2022,Commercial Turkey Meat Bird,45800
1182,Ingham,Michigan,03-24-2025,WOAH Non-Poultry,20
1183,Ellsworth,Kansas,03-24-2023,WOAH Non-Poultry,50
1184,Arapahoe,Colorado,03-24-2023,WOAH Non-Poultry,10
1185,Jerauld,South Dakota,03-24-2022,Commercial Turkey Meat Bird,44000
1186,Buena Vista,Iowa,03-24-2022,Commercial Turkey Meat Bird,53800
1187,Macomb,Michigan,03-24-2022,WOAH Non-Poultry,70
1188,Butler,Nebraska,03-24-2022,Commercial Broiler Production,418500
1189,Lapeer,Michigan,03-23-2023,WOAH Poultry,950
1190,Beadle,South Dakota,03-23-2022,Commercial Turkey Meat Bird,49900
1191,Edmunds,South Dakota,03-23-2022,Commercial Turkey Breeder Hens,30800
1192,Kingsbury,South Dakota,03-23-2022,Commercial Table Egg Layer,120300
1193,Suffolk,New York,03-23-2022,Commercial Upland Gamebird Producer,8500
1194,Tompkins,New York,03-22-2023,WOAH Poultry,6500
1195,Queens,New York,03-22-2023,Live Bird Market,140
1196,Klamath,Oregon,03-22-2023,WOAH Non-Poultry,30
1197,Spink,South Dakota,03-22-2023,Commercial Upland Gamebird Producer,570
1198,Hale,Texas,03-22-2023,WOAH Non-Poultry,20
1199,Charles Mix,South Dakota,03-22-2022,Commercial Turkey Meat Bird,53800
1200,Hanson,South Dakota,03-22-2022,Commercial Turkey Meat Bird,94600
1201,Butler,Nebraska,03-22-2022,Commercial Broiler Production,570000
1202,Cumberland,Maine,03-22-2022,WOAH Poultry,250
1203,Beadle,South Dakota,03-22-2022,Commercial Turkey Meat Bird,29400
1204,Franklin,Pennsylvania,03-21-2025,Commercial Turkey Meat Bird,13400
1205,Dutchess,New York,03-21-2025,WOAH Non-Poultry,40
1206,Cass,Missouri,03-21-2025,WOAH Non-Poultry,10
1207,Washington,New York,03-21-2023,WOAH Non-Poultry,50
1208,Hillsborough,Florida,03-21-2023,Live Bird Market,340
1209,Atlantic,New Jersey,03-20-2025,WOAH Poultry,100
1210,Onondaga,New York,03-20-2025,Live Bird Market,470
1211,Crawford,Illinois,03-20-2025,Commercial Turkey Meat Bird,18300
1212,Reno,Kansas,03-20-2025,WOAH Non-Poultry,50
1213,Valencia,New Mexico,03-20-2025,WOAH Non-Poultry,80
1214,Deaf Smith,Texas,03-20-2024,WOAH Non-Poultry,50
1215,Hutchinson,South Dakota,03-20-2022,Commercial Turkey Meat Bird,50400
1216,Warren,Iowa,03-20-2022,WOAH Non-Poultry,10
1217,Bond,Illinois,03-19-2025,WOAH Non-Poultry,8
1218,Gallatin,Montana,03-19-2025,WOAH Non-Poultry,30
1219,York,Maine,03-19-2022,WOAH Non-Poultry,70
1220,Knox,Maine,03-19-2022,WOAH Non-Poultry,20
1221,Adams,Indiana,03-18-2025,Commercial Duck Breeder,3400
1222,Butler,Kansas,03-18-2025,WOAH Non-Poultry,70
1223,Jay,Indiana,03-18-2025,Commercial Table Egg Pullets,1340200
1224,Knox,Maine,03-18-2024,WOAH Non-Poultry,40
1225,Dickinson,Kansas,03-18-2022,WOAH Poultry,250
1226,Cecil,Maryland,03-18-2022,Commercial Table Egg Pullets,315400
1227,Hanson,South Dakota,03-18-2022,Commercial Turkey Meat Bird,20200
1228,Kingsbury,South Dakota,03-18-2022,Commercial Turkey Meat Bird,39200
1229,Woodward,Oklahoma,03-17-2025,WOAH Non-Poultry,110
1230,Buena Vista,Iowa,03-17-2025,Commercial Table Egg Pullets,400000
1231,Lancaster,Pennsylvania,03-17-2023,WOAH Poultry,2500
1232,Sedgwick,Kansas,03-17-2022,WOAH Non-Poultry,6
1233,Buena Vista,Iowa,03-17-2022,Commercial Table Egg Layer,5347500
1234,Kent,Delaware,03-17-2022,Commercial Broiler Production,147800
1235,Lincoln,Maine,03-17-2022,WOAH Non-Poultry,30
1236,Monroe,Mississippi,03-16-2023,WOAH Non-Poultry,30
1237,Maries,Missouri,03-16-2023,WOAH Non-Poultry,10
1238,Lancaster,Pennsylvania,03-16-2023,WOAH Poultry,1600
1239,Lancaster,Pennsylvania,03-16-2023,WOAH Poultry,2400
1240,Chester,Pennsylvania,03-16-2023,Commercial Turkey Meat Bird,11800
1241,Rockingham,New Hampshire,03-16-2022,WOAH Non-Poultry,150
1242,Mifflin,Pennsylvania,03-15-2023,WOAH Non-Poultry,60
1243,Chickasaw,Iowa,03-15-2023,WOAH Non-Poultry,50
1244,Ralls,Missouri,03-15-2022,WOAH Non-Poultry,100
1245,Merrick,Nebraska,03-15-2022,WOAH Non-Poultry,90
1246,Klamath,Oregon,03-14-2024,WOAH Non-Poultry,10
1247,Lancaster,Pennsylvania,03-14-2023,WOAH Poultry,2400
1248,Eaton,Michigan,03-14-2023,WOAH Non-Poultry,20
1249,Lancaster,Pennsylvania,03-14-2023,WOAH Poultry,3000
1250,Lancaster,Pennsylvania,03-14-2023,WOAH Poultry,3900
1251,Lancaster,Pennsylvania,03-14-2023,WOAH Poultry,3000
1252,Lancaster,Pennsylvania,03-14-2023,WOAH Poultry,2400
1253,Jefferson,Wisconsin,03-14-2022,Commercial Table Egg Layer,2750700
1254,York,Maine,03-14-2022,WOAH Non-Poultry,180
1255,Lawrence,Illinois,03-13-2025,Commercial Turkey Meat Bird,15400
1256,Lehigh,Pennsylvania,03-13-2025,Live Bird Market,350
1257,Anne Arundel,Maryland,03-13-2025,WOAH Non-Poultry,7
1258,Salem,New Jersey,03-13-2025,WOAH Non-Poultry,5
1259,Lancaster,Pennsylvania,03-13-2023,WOAH Poultry,6000
1260,Grady,Oklahoma,03-12-2025,WOAH Non-Poultry,30
1261,Hudson,New Jersey,03-12-2025,Live Bird Market,370
1262,Hudson,New Jersey,03-12-2025,Live Bird Market,760
1263,Philadelphia,Pennsylvania,03-12-2025,Live Bird Market,420
1264,Mercer,New Jersey,03-12-2025,Live Bird Market,370
1265,Noxubee,Mississippi,03-12-2025,Commercial Broiler Breeder,47700
1266,Hutchinson,South Dakota,03-12-2024,Commercial Turkey Meat Bird,31200
1267,Charles Mix,South Dakota,03-12-2022,Commercial Turkey Meat Bird,37500
1268,Lincoln,Maine,03-12-2022,WOAH Non-Poultry,100
1269,Rensselaer,New York,03-11-2025,WOAH Non-Poultry,50
1270,Dallas,Iowa,03-11-2025,WOAH Non-Poultry,100
1271,Dawson,Nebraska,03-11-2025,WOAH Non-Poultry,20
1272,Clay,Minnesota,03-11-2024,WOAH Non-Poultry,80
1273,Moore,Texas,03-11-2024,WOAH Non-Poultry,280
1274,Mclean,Illinois,03-11-2022,WOAH Non-Poultry,40
1275,Franklin,Kansas,03-11-2022,WOAH Poultry,260
1276,Montgomery,Indiana,03-10-2025,WOAH Non-Poultry,20
1277,Queens,New York,03-10-2025,Live Bird Market,1100
1278,Kings,New York,03-10-2025,Live Bird Market,0
1279,Weld,Colorado,03-10-2025,WOAH Non-Poultry,20
1280,Taylor,Iowa,03-10-2022,Commercial Table Egg Layer,915900
1281,Cecil,Maryland,03-10-2022,Commercial Table Egg Layer,663400
1282,Lawrence,Missouri,03-09-2022,Commercial Turkey Breeder Replacement Hens,37800
1283,New Castle,Delaware,03-08-2022,Commercial Table Egg Pullets,243900
1284,Jasper,Missouri,03-08-2022,Commercial Turkey Meat Bird,25000
1285,Queen Anne's,Maryland,03-08-2022,Commercial Broiler Production,139300
1286,Bronx,New York,03-07-2025,Live Bird Market,1000
1287,Richmond,New York,03-07-2025,Live Bird Market,450
1288,Adams,Indiana,03-07-2025,Commercial Duck Breeder,3200
1289,Lancaster,Pennsylvania,03-07-2025,WOAH Poultry,6500
1290,Russell,Kansas,03-07-2025,WOAH Non-Poultry,20
1291,Essex,Massachusetts,03-07-2024,WOAH Poultry,70
1292,Rockingham,Virginia,03-07-2023,WOAH Non-Poultry,250
1293,Kings,New York,03-06-2025,Live Bird Market,70
1294,Mercer,Ohio,03-06-2025,Commercial Turkey Meat Bird,9500
1295,Mercer,Ohio,03-06-2025,Commercial Turkey Meat Bird,22100
1296,Monroe,Michigan,03-06-2025,WOAH Non-Poultry,40
1297,Bingham,Idaho,03-06-2023,WOAH Non-Poultry,10
1298,Lancaster,Pennsylvania,03-06-2023,WOAH Poultry,6000
1299,Lancaster,Pennsylvania,03-06-2023,WOAH Poultry,310
1300,Bucks,Pennsylvania,03-06-2023,WOAH Poultry,1700
1301,Lancaster,Pennsylvania,03-06-2023,WOAH Poultry,1800
1302,Buena Vista,Iowa,03-06-2022,Commercial Turkey Meat Bird,49800
1303,Charles Mix,South Dakota,03-05-2022,Commercial Turkey Meat Bird,44100
1304,Multnomah,Oregon,03-04-2025,WOAH Non-Poultry,40
1305,Will,Illinois,03-04-2025,WOAH Non-Poultry,50
1306,Jay,Indiana,03-04-2025,Commercial Table Egg Layer,187200
1307,Lancaster,Pennsylvania,03-04-2023,Commercial Turkey Meat Bird,26600
1308,Northumberland,Pennsylvania,03-04-2023,WOAH Poultry,680
1309,Chester,Pennsylvania,03-04-2023,WOAH Poultry,6900
1310,Lancaster,Pennsylvania,03-04-2023,Commercial Turkey Meat Bird,19600
1311,Lancaster,Pennsylvania,03-04-2023,Commercial Duck Breeder,11300
1312,Bates,Missouri,03-04-2022,WOAH Non-Poultry,50
1313,Cecil,Maryland,03-04-2022,Commercial Table Egg Layer,644000
1314,Stoddard,Missouri,03-04-2022,Commercial Broiler Production,294800
1315,Queens,New York,03-03-2025,Live Bird Market,0
1316,Queens,New York,03-03-2025,Live Bird Market,150
1317,Douglas,Nevada,03-03-2023,WOAH Non-Poultry,20
1318,Chester,Pennsylvania,03-03-2023,WOAH Poultry,5200
1319,Dubois,Indiana,03-02-2022,Commercial Turkey Meat Bird,16500
1320,Pottawattamie,Iowa,03-01-2022,WOAH Non-Poultry,40
1321,New London,Connecticut,03-01-2022,WOAH Non-Poultry,160
1322,Bernalillo,New Mexico,02-28-2025,WOAH Non-Poultry,50
1323,Suffolk,New York,02-28-2025,WOAH Non-Poultry,3
1324,Hot Springs,Wyoming,02-28-2025,WOAH Non-Poultry,10
1325,Dare,North Carolina,02-28-2025,WOAH Non-Poultry,20
1326,Portage,Ohio,02-28-2025,WOAH Non-Poultry,40
1327,Miami-dade,Florida,02-28-2023,Live Bird Market,510
1328,Miami-dade,Florida,02-27-2025,WOAH Poultry,120
1329,Collier,Florida,02-27-2025,WOAH Non-Poultry,30
1330,Mahoning,Ohio,02-27-2024,WOAH Non-Poultry,140
1331,Stevens,Minnesota,02-27-2024,WOAH Non-Poultry,20
1332,Lancaster,Pennsylvania,02-27-2023,WOAH Poultry,4400
1333,Cumberland,Maine,02-26-2025,WOAH Non-Poultry,30
1334,Westchester,New York,02-26-2025,WOAH Non-Poultry,100
1335,Dukes,Massachusetts,02-26-2025,WOAH Non-Poultry,50
1336,Monroe,New York,02-26-2024,WOAH Non-Poultry,20
1337,Elkhart,Indiana,02-25-2025,Commercial Duck Breeder,1800
1338,Mercer,Ohio,02-25-2025,Commercial Table Egg Layer,90000
1339,Jay,Indiana,02-25-2025,Commercial Turkey Meat Bird,18600
1340,Monroe,Michigan,02-25-2025,WOAH Non-Poultry,10
1341,Union,Indiana,02-25-2025,WOAH Non-Poultry,40
1342,Jasper,Indiana,02-25-2025,WOAH Non-Poultry,90
1343,Lagrange,Indiana,02-25-2025,Commercial Duck Breeder,3800
1344,Jay,Indiana,02-25-2025,Commercial Turkey Meat Bird,16500
1345,Philadelphia,Pennsylvania,02-24-2025,Live Bird Market,1100
1346,Wayne,Illinois,02-24-2023,Commercial Turkey Meat Bird,18200
1347,Chester,Pennsylvania,02-24-2023,WOAH Poultry,3400
1348,Lancaster,Pennsylvania,02-24-2023,WOAH Poultry,4000
1349,Ulster,New York,02-24-2022,WOAH Non-Poultry,70
1350,Dutchess,New York,02-24-2022,WOAH Non-Poultry,200
1351,Dubois,Indiana,02-24-2022,Commercial Turkey Meat Bird,36000
1352,Dallas,Missouri,02-23-2024,WOAH Poultry,20300
1353,Onondaga,New York,02-23-2024,WOAH Non-Poultry,10
1354,Allen,Indiana,02-23-2024,WOAH Non-Poultry,50
1355,Lancaster,Pennsylvania,02-23-2023,WOAH Poultry,2000
1356,Alexandria City,Virginia,02-23-2023,Live Bird Market,800
1357,Moffat,Colorado,02-23-2023,WOAH Non-Poultry,40
1358,Knox,Maine,02-23-2022,WOAH Non-Poultry,100
1359,Kalamazoo,Michigan,02-23-2022,WOAH Non-Poultry,30
1360,Greene,Indiana,02-23-2022,Commercial Turkey Meat Bird,48200
1361,Greene,Indiana,02-23-2022,Commercial Turkey Meat Bird,15400
1362,Union,New Jersey,02-22-2025,Live Bird Market,830
1363,Charles,Maryland,02-22-2024,WOAH Non-Poultry,30
1364,Lancaster,Pennsylvania,02-22-2023,WOAH Poultry,4200
1365,New Castle,Delaware,02-22-2022,Commercial Table Egg Layer,1046900
1366,Delaware,New York,02-21-2025,WOAH Non-Poultry,240
1367,Washington,Indiana,02-21-2025,Commercial Turkey Meat Bird,19400
1368,Mercer,Ohio,02-21-2025,WOAH Poultry,55900
1369,Broward,Florida,02-21-2025,WOAH Non-Poultry,10
1370,Mercer,Ohio,02-21-2025,Commercial Table Egg Layer,84800
1371,Elkhart,Indiana,02-21-2025,Commercial Duck Meat Bird,4200
1372,Darke,Ohio,02-21-2025,Commercial Table Egg Layer,3090400
1373,Dallas,Missouri,02-21-2024,Commercial Turkey Meat Bird,12300
1374,Franklin,Ohio,02-21-2024,WOAH Non-Poultry,10
1375,Dallas,Missouri,02-21-2024,Commercial Turkey Meat Bird,28500
1376,Dallas,Missouri,02-21-2024,Commercial Turkey Meat Bird,31000
1377,Lincoln,Nebraska,02-21-2023,WOAH Poultry,420
1378,Lancaster,Pennsylvania,02-21-2023,Commercial Broiler Production,97700
1379,Luzerne,Pennsylvania,02-20-2025,WOAH Non-Poultry,90
1380,Butler,Pennsylvania,02-20-2025,WOAH Non-Poultry,610
1381,Cumberland,Maine,02-20-2025,WOAH Non-Poultry,80
1382,Sac,Iowa,02-20-2025,Commercial Turkey Meat Bird,29700
1383,Duplin,North Carolina,02-20-2024,Commercial Turkey Meat Bird,20900
1384,Graham,Arizona,02-19-2025,WOAH Non-Poultry,280
1385,Knox,Maine,02-19-2022,WOAH Non-Poultry,30
1386,Churchill,Nevada,02-18-2025,WOAH Non-Poultry,20
1387,Mercer,Ohio,02-18-2025,Commercial Turkey Meat Bird,10600
1388,Stark,Ohio,02-18-2025,WOAH Non-Poultry,30
1389,Darke,Ohio,02-18-2025,Commercial Table Egg Layer,164900
1390,Suffolk,New York,02-18-2022,WOAH Non-Poultry,8
1391,Copiah,Mississippi,02-17-2023,WOAH Poultry,50
1392,Tioga,Pennsylvania,02-17-2023,WOAH Non-Poultry,50
1393,San Joaquin,California,02-17-2023,WOAH Non-Poultry,160
1394,Kanawha,West Virginia,02-16-2024,WOAH Non-Poultry,250
1395,Dubois,Indiana,02-16-2022,Commercial Turkey Meat Bird,26600
1396,Columbia,New York,02-15-2023,WOAH Poultry,250
1397,Webster,Kentucky,02-15-2022,Commercial Turkey Meat Bird,53300
1398,Darke,Ohio,02-14-2025,Commercial Turkey Meat Bird,20100
1399,Washington,Indiana,02-14-2025,Commercial Turkey Meat Bird,14100
1400,Buena Vista,Iowa,02-14-2025,Commercial Turkey Meat Bird,26700
1401,Randolph,Indiana,02-14-2025,WOAH Non-Poultry,70
1402,Jay,Indiana,02-14-2025,Commercial Table Egg Layer,1224800
1403,Saunders,Nebraska,02-14-2025,WOAH Non-Poultry,50
1404,Mercer,Ohio,02-14-2025,Commercial Turkey Meat Bird,16700
1405,Jay,Indiana,02-14-2025,Commercial Table Egg Layer,1454600
1406,Hillsborough,Florida,02-14-2023,WOAH Non-Poultry,10
1407,Benton,Washington,02-14-2023,WOAH Non-Poultry,60
1408,Sussex,Delaware,02-13-2025,WOAH Non-Poultry,30
1409,Riverside,California,02-13-2025,WOAH Poultry,11400
1410,Monroe,Michigan,02-13-2025,WOAH Non-Poultry,30
1411,Auglaize,Ohio,02-13-2025,Commercial Table Egg Layer,210600
1412,Mercer,Ohio,02-13-2025,Commercial Table Egg Layer,125800
1413,Doniphan,Kansas,02-13-2023,WOAH Non-Poultry,30
1414,Carroll,Missouri,02-13-2023,WOAH Non-Poultry,9
1415,Lawrence,Missouri,02-12-2025,Commercial Turkey Breeder Hens,13000
1416,Crow Wing,Minnesota,02-12-2025,WOAH Non-Poultry,160
1417,Lancaster,Pennsylvania,02-12-2025,WOAH Poultry,600
1418,Weld,Colorado,02-12-2025,WOAH Non-Poultry,20
1419,Merced,California,02-12-2025,Commercial Broiler Production,280600
1420,Weld,Colorado,02-12-2025,WOAH Poultry,150
1421,Platte,Wyoming,02-12-2025,WOAH Non-Poultry,0
1422,Mercer,Ohio,02-12-2025,Commercial Table Egg Layer,131000
1423,Twin Falls,Idaho,02-12-2024,WOAH Non-Poultry,20
1424,Schuylkill,Pennsylvania,02-12-2024,WOAH Non-Poultry,30
1425,Fauquier,Virginia,02-12-2022,WOAH Non-Poultry,90
1426,Fulton,Kentucky,02-12-2022,Commercial Broiler Production,231400
1427,Jay,Indiana,02-11-2025,Commercial Table Egg Layer,912000
1428,Madison,New York,02-11-2025,WOAH Non-Poultry,20
1429,Cumberland,Pennsylvania,02-11-2025,Commercial Duck Meat Bird,20000
1430,Mercer,Ohio,02-11-2025,Commercial Table Egg Pullets,20000
1431,Yankton,South Dakota,02-11-2025,WOAH Non-Poultry,50
1432,Lancaster,Pennsylvania,02-11-2025,Commercial Broiler Production,80000
1433,Lawrence,Missouri,02-10-2025,Commercial Turkey Breeder Hens,14100
1434,Mason,Washington,02-10-2025,WOAH Non-Poultry,7
1435,Mercer,Ohio,02-10-2025,Commercial Turkey Meat Bird,20100
1436,Lenoir,North Carolina,02-09-2024,Commercial Turkey Meat Bird,32400
1437,Owyhee,Idaho,02-08-2024,WOAH Non-Poultry,9
1438,Miami-dade,Florida,02-08-2024,Live Bird Market,1500
1439,Delta,Colorado,02-08-2024,Commercial Broiler Breeder,66500
1440,Mitchell,Kansas,02-08-2023,Commercial Upland Gamebird Producer,17000
1441,Lancaster,Pennsylvania,02-08-2023,WOAH Poultry,20300
1442,Dubois,Indiana,02-08-2022,Commercial Turkey Meat Bird,29000
1443,Lebanon,Pennsylvania,02-07-2025,Commercial Broiler Production,53500
1444,Calcasieu,Louisiana,02-07-2025,WOAH Non-Poultry,10
1445,Mercer,Ohio,02-07-2025,Commercial Table Egg Layer,96300
1446,Mercer,Ohio,02-07-2025,Commercial Table Egg Layer,388900
1447,Mercer,Ohio,02-07-2025,Commercial Turkey Meat Bird,4100
1448,Lancaster,Pennsylvania,02-07-2025,WOAH Poultry,610
1449,Leake,Mississippi,02-07-2023,Commercial Broiler Production,89800
1450,Allegheny,Pennsylvania,02-07-2023,WOAH Non-Poultry,20
1451,Lawrence,Missouri,02-06-2025,Commercial Turkey Meat Bird,9500
1452,Lebanon,Pennsylvania,02-06-2025,Commercial Table Egg Layer,84100
1453,Mercer,Ohio,02-06-2025,Commercial Table Egg Layer,232600
1454,Darke,Ohio,02-06-2025,Commercial Table Egg Layer,522200
1455,Newton,Missouri,02-06-2025,Commercial Broiler Production,44400
1456,Lancaster,Pennsylvania,02-06-2025,Commercial Duck Meat Bird,12100
1457,Lancaster,Pennsylvania,02-06-2025,WOAH Poultry,14900
1458,New London,Connecticut,02-06-2025,WOAH Non-Poultry,20
1459,Queens,New York,02-06-2025,Live Bird Market,200
1460,Mercer,Ohio,02-06-2025,Commercial Turkey Meat Bird,10100
1461,Bronx,New York,02-06-2025,Live Bird Market,0
1462,Mercer,Ohio,02-06-2025,Commercial Turkey Meat Bird,19900
1463,Wayne,Pennsylvania,02-06-2024,WOAH Non-Poultry,360
1464,Essex,Massachusetts,02-06-2024,WOAH Non-Poultry,20
1465,Gage,Nebraska,02-06-2024,Commercial Broiler Production,102000
1466,Park,Wyoming,02-06-2023,WOAH Non-Poultry,10
1467,Merced,California,02-06-2023,Commercial Duck Breeder,29100
1468,San Joaquin,California,02-06-2023,WOAH Non-Poultry,8
1469,Placer,California,02-06-2023,WOAH Non-Poultry,30
1470,Hancock,Maine,02-06-2023,WOAH Non-Poultry,30
1471,Kennebec,Maine,02-06-2023,WOAH Non-Poultry,40
1472,Mercer,Ohio,02-05-2025,Commercial Turkey Meat Bird,8900
1473,Pinal,Arizona,02-05-2025,WOAH Non-Poultry,30
1474,Auglaize,Ohio,02-05-2025,Commercial Turkey Meat Bird,11000
1475,Kings,New York,02-05-2025,Live Bird Market,0
1476,Cumberland,Pennsylvania,02-05-2025,Commercial Broiler Production,26400
1477,Larimer,Colorado,02-05-2025,WOAH Non-Poultry,10
1478,Mercer,Ohio,02-05-2025,Commercial Table Egg Layer,174600
1479,Stanislaus,California,02-05-2025,Commercial Turkey Meat Bird,30200
1480,Queens,New York,02-05-2025,Live Bird Market,520
1481,Alpena,Michigan,02-04-2025,WOAH Non-Poultry,8
1482,Worcester,Maryland,02-04-2025,Commercial Broiler Production,168300
1483,Darke,Ohio,02-04-2025,Commercial Turkey Meat Bird,5400
1484,Mercer,Ohio,02-04-2025,Commercial Table Egg Layer,96700
1485,Mercer,Ohio,02-04-2025,Commercial Table Egg Pullets,88300
1486,Mercer,Ohio,02-04-2025,Commercial Turkey Meat Bird,3500
1487,Harvey,Kansas,02-04-2025,WOAH Non-Poultry,50
1488,Dauphin,Pennsylvania,02-04-2025,Commercial Table Egg Layer,1975300
1489,Newton,Missouri,02-04-2025,Commercial Turkey Meat Bird,13600
1490,Bronx,New York,02-04-2025,Live Bird Market,100
1491,Lawrence,Missouri,02-04-2025,Commercial Turkey Breeder Replacement Hens,14300
1492,Queens,New York,02-04-2025,Live Bird Market,420
1493,Mercer,Ohio,02-04-2025,Commercial Turkey Meat Bird,11600
1494,Jasper,Missouri,02-04-2025,Commercial Turkey Meat Bird,49500
1495,Adams,Pennsylvania,02-04-2025,WOAH Non-Poultry,30
1496,Mercer,Ohio,02-04-2025,Commercial Turkey Meat Bird,12200
1497,Klamath,Oregon,02-03-2025,WOAH Non-Poultry,10
1498,San Joaquin,California,02-03-2025,Commercial Turkey Meat Bird,22200
1499,O'brien,Iowa,02-02-2025,Commercial Table Egg Layer,241600
1500,Lancaster,Pennsylvania,02-01-2023,Commercial Duck Meat Bird,32800
1501,Lancaster,Pennsylvania,02-01-2023,WOAH Poultry,2700
1502,Mercer,Ohio,01-31-2025,Commercial Turkey Meat Bird,22000
1503,Darke,Ohio,01-31-2025,Commercial Turkey Meat Bird,11700
1504,Mercer,Ohio,01-31-2025,Commercial Table Egg Layer,748800
1505,Montgomery,Maryland,01-31-2025,WOAH Non-Poultry,10
1506,Mcdonald,Missouri,01-31-2025,Commercial Broiler Production,131400
1507,Virginia Beach City,Virginia,01-31-2025,WOAH Non-Poultry,210
1508,Barry,Missouri,01-31-2025,Commercial Turkey Meat Bird,34000
1509,Placer,California,01-31-2024,WOAH Non-Poultry,20
1510,Mercer,Ohio,01-30-2025,Commercial Table Egg Layer,437100
1511,Nance,Nebraska,01-30-2025,WOAH Non-Poultry,70
1512,Broward,Florida,01-30-2025,WOAH Non-Poultry,70
1513,Van Wert,Ohio,01-30-2025,Commercial Turkey Meat Bird,21400
1514,Mercer,Ohio,01-30-2025,Commercial Turkey Meat Bird,4600
1515,Darke,Ohio,01-30-2025,Commercial Table Egg Layer,150700
1516,Mercer,Ohio,01-30-2025,Commercial Turkey Meat Bird,11200
1517,Jerome,Idaho,01-30-2025,WOAH Non-Poultry,10
1518,Mercer,Ohio,01-30-2025,Commercial Turkey Meat Bird,21700
1519,Mcdonald,Missouri,01-30-2025,Commercial Turkey Meat Bird,11700
1520,Mercer,Ohio,01-30-2025,Commercial Turkey Meat Bird,8700
1521,Monroe,Pennsylvania,01-30-2025,WOAH Non-Poultry,30
1522,Newton,Missouri,01-29-2025,Commercial Turkey Meat Bird,19000
1523,Darke,Ohio,01-29-2025,Commercial Turkey Meat Bird,9700
1524,Mercer,Ohio,01-29-2025,Commercial Turkey Meat Bird,20100
1525,San Mateo,California,01-29-2025,WOAH Non-Poultry,4
1526,Madera,California,01-29-2025,Commercial Duck Meat Bird,18600
1527,Merced,California,01-29-2025,Commercial Duck Meat Bird,87800
1528,Darke,Ohio,01-29-2025,Commercial Table Egg Layer,1356300
1529,Mercer,Ohio,01-29-2025,Commercial Turkey Meat Bird,9000
1530,Kent,Delaware,01-28-2025,Commercial Broiler Production,145800
1531,Mcdonald,Missouri,01-28-2025,Commercial Broiler Breeder,18300
1532,Shelby,Indiana,01-28-2025,WOAH Non-Poultry,60
1533,Sampson,North Carolina,01-28-2025,Commercial Turkey Breeder Hens,24100
1534,Newton,Missouri,01-28-2025,Commercial Turkey Meat Bird,14300
1535,Jackson,Indiana,01-28-2025,Commercial Table Egg Layer,2633900
1536,Lehigh,Pennsylvania,01-28-2025,WOAH Poultry,48000
1537,Adams,Indiana,01-27-2025,Commercial Turkey Meat Bird,19900
1538,Mercer,Ohio,01-27-2025,Commercial Duck Meat Bird,12600
1539,Mercer,Ohio,01-27-2025,Commercial Turkey Meat Bird,12600
1540,Sampson,North Carolina,01-27-2025,Commercial Turkey Breeder Replacement Hens,1900
1541,Pinal,Arizona,01-27-2025,Commercial Table Egg Layer,316600
1542,Kearney,Nebraska,01-27-2025,WOAH Non-Poultry,90
1543,Mercer,Ohio,01-27-2025,Commercial Turkey Meat Bird,5100
1544,Ulster,New York,01-27-2025,WOAH Non-Poultry,60
1545,Mercer,Ohio,01-27-2025,Commercial Turkey Meat Bird,9300
1546,Hancock,Maine,01-27-2023,WOAH Non-Poultry,40
1547,De Soto,Florida,01-26-2024,WOAH Non-Poultry,660
1548,Kennebec,Maine,01-25-2024,WOAH Non-Poultry,40
1549,Daviess,Indiana,01-25-2024,Commercial Turkey Meat Bird,13100
1550,Buena Vista,Iowa,01-25-2023,Commercial Turkey Meat Bird,27700
1551,Rowan,North Carolina,01-25-2023,WOAH Non-Poultry,2
1552,Suffolk,New York,01-25-2023,WOAH Non-Poultry,10
1553,Rockingham,Virginia,01-25-2023,Commercial Turkey Meat Bird,11100
1554,Polk,Oregon,01-25-2023,WOAH Non-Poultry,20
1555,Allen,Indiana,01-24-2025,WOAH Poultry,26100
1556,Plymouth,Massachusetts,01-24-2025,WOAH Non-Poultry,30
1557,Mercer,Ohio,01-24-2025,Commercial Turkey Meat Bird,19600
1558,New Haven,Connecticut,01-24-2025,WOAH Non-Poultry,30
1559,Windsor,Vermont,01-24-2025,WOAH Non-Poultry,20
1560,Darke,Ohio,01-24-2025,Commercial Table Egg Layer,1818000
1561,Mercer,Ohio,01-24-2025,Commercial Turkey Meat Bird,9500
1562,Newton,Missouri,01-24-2025,Commercial Table Egg Layer,1149400
1563,Orange,Florida,01-24-2025,WOAH Non-Poultry,1
1564,Mercer,Ohio,01-24-2025,Commercial Turkey Meat Bird,18500
1565,Franklin,Washington,01-24-2025,Commercial Table Egg Layer,307800
1566,Washington,Rhode Island,01-24-2025,WOAH Non-Poultry,50
1567,Mercer,Ohio,01-24-2025,Commercial Turkey Meat Bird,5100
1568,Cleveland,Arkansas,01-24-2025,Commercial Broiler Breeder,19500
1569,Darke,Ohio,01-24-2025,Commercial Turkey Meat Bird,22300
1570,Wadena,Minnesota,01-24-2025,Commercial Turkey Meat Bird,296300
1571,Mcdonald,Missouri,01-24-2025,Primary Broiler Breeder Pedigree Farm,650
1572,Putnam,New York,01-23-2025,WOAH Non-Poultry,60
1573,Yolo,California,01-23-2025,WOAH Non-Poultry,6
1574,Mercer,Ohio,01-23-2025,Commercial Table Egg Layer,1468900
1575,Mercer,Ohio,01-23-2025,Commercial Turkey Meat Bird,11200
1576,Mercer,Ohio,01-23-2025,Commercial Table Egg Layer,85000
1577,Darke,Ohio,01-23-2025,Commercial Table Egg Pullets,349200
1578,Edmunds,South Dakota,01-23-2024,Commercial Upland Gamebird Producer,22200
1579,Belknap,New Hampshire,01-23-2023,WOAH Non-Poultry,40
1580,Lawrence,Missouri,01-22-2025,Commercial Turkey Meat Bird,52400
1581,Newton,Missouri,01-22-2025,Commercial Turkey Meat Bird,23000
1582,Newton,Missouri,01-22-2025,Commercial Turkey Meat Bird,21300
1583,Dorchester,Maryland,01-22-2025,Commercial Broiler Production,144000
1584,Cleveland,Arkansas,01-22-2025,Commercial Broiler Production,106900
1585,Jasper,Missouri,01-22-2025,Commercial Turkey Meat Bird,49400
1586,Cook,Illinois,01-22-2025,WOAH Poultry,500
1587,Mitchell,Kansas,01-22-2024,Commercial Upland Gamebird Producer,5800
1588,Orangeburg,South Carolina,01-22-2024,WOAH Non-Poultry,40
1589,Newton,Missouri,01-21-2025,Commercial Table Egg Layer,1175800
1590,Umatilla,Oregon,01-21-2025,WOAH Non-Poultry,50
1591,Caroline,Maryland,01-21-2025,Commercial Broiler Production,108400
1592,Accomack,Virginia,01-21-2025,Commercial Broiler Production,441000
1593,Elbert,Georgia,01-21-2025,Commercial Broiler Production,130400
1594,Larimer,Colorado,01-20-2023,WOAH Non-Poultry,70
1595,Weakley,Tennessee,01-20-2023,Commercial Broiler Production,267800
1596,Snohomish,Washington,01-19-2023,WOAH Non-Poultry,20
1597,El Dorado,California,01-19-2023,WOAH Non-Poultry,20
1598,Rockingham,Virginia,01-19-2023,Commercial Turkey Meat Bird,25300
1599,Merced,California,01-18-2024,Commercial Table Egg Pullets,285600
1600,Lampasas,Texas,01-18-2023,WOAH Poultry,70
1601,Licking,Ohio,01-18-2023,WOAH Non-Poultry,30
1602,Darke,Ohio,01-17-2025,Commercial Table Egg Pullets,200000
1603,Jay,Indiana,01-17-2025,Commercial Turkey Meat Bird,18800
1604,Suffolk,New York,01-17-2025,Commercial Duck Meat Bird,101000
1605,Darke,Ohio,01-17-2025,Commercial Table Egg Layer,103200
1606,Elbert,Georgia,01-17-2025,Commercial Broiler Breeder,45500
1607,Horry,South Carolina,01-17-2024,WOAH Non-Poultry,190
1608,Mitchell,Kansas,01-17-2023,Commercial Upland Gamebird Producer,6900
1609,Riverside,California,01-16-2025,Commercial Table Egg Pullets,208200
1610,Dakota,Minnesota,01-16-2025,Commercial Turkey Meat Bird,79900
1611,Wayne,Michigan,01-16-2025,WOAH Non-Poultry,120
1612,Greene,Tennessee,01-16-2025,WOAH Non-Poultry,30
1613,Mercer,Ohio,01-16-2025,Commercial Table Egg Layer,1432000
1614,Queen Anne's,Maryland,01-16-2025,Commercial Broiler Production,146900
1615,Jay,Indiana,01-16-2025,Commercial Table Egg Layer,353300
1616,Barnstable,Massachusetts,01-16-2024,WOAH Non-Poultry,150
1617,Mitchell,Kansas,01-16-2024,WOAH Poultry,220
1618,Spink,South Dakota,01-16-2024,Commercial Raised for Release Upland Game Bird,1900
1619,Cascade,Montana,01-16-2024,WOAH Non-Poultry,50
1620,New London,Connecticut,01-15-2025,WOAH Non-Poultry,20
1621,Owyhee,Idaho,01-15-2025,WOAH Non-Poultry,30
1622,Darke,Ohio,01-15-2025,Commercial Turkey Meat Bird,15800
1623,Darke,Ohio,01-15-2025,Commercial Turkey Meat Bird,5300
1624,Darke,Ohio,01-15-2025,Commercial Turkey Meat Bird,5300
1625,Mercer,Ohio,01-15-2025,Commercial Turkey Meat Bird,10400
1626,Mercer,Ohio,01-14-2025,Commercial Turkey Meat Bird,4500
1627,Darke,Ohio,01-14-2025,Commercial Turkey Meat Bird,9900
1628,Orange,Florida,01-14-2025,Live Bird Market,1300
1629,Newton,Missouri,01-14-2025,Commercial Table Egg Layer,1585100
1630,Hillsborough,Florida,01-14-2025,Live Bird Market,280
1631,Caroline,Maryland,01-14-2025,Commercial Broiler Production,228300
1632,Culebra,Puerto Rico,01-13-2025,WOAH Poultry,380
1633,Phillips,Kansas,01-13-2025,WOAH Non-Poultry,60
1634,Tehama,California,01-12-2023,WOAH Poultry,23700
1635,Mitchell,Kansas,01-11-2024,Commercial Raised for Release Upland Game Bird,1400
1636,Douglas,Oregon,01-11-2023,WOAH Non-Poultry,1
1637,Gregory,South Dakota,01-10-2025,WOAH Non-Poultry,90
1638,Mitchell,Kansas,01-10-2024,Commercial Upland Gamebird Producer,32000
1639,York,Maine,01-10-2024,WOAH Non-Poultry,60
1640,Sherburne,Minnesota,01-10-2024,WOAH Non-Poultry,10
1641,Mitchell,Kansas,01-10-2024,Commercial Upland Gamebird Producer,3700
1642,Cascade,Montana,01-10-2023,WOAH Non-Poultry,10
1643,Clayton,Georgia,01-09-2025,WOAH Non-Poultry,10
1644,Oakland,Michigan,01-09-2025,WOAH Non-Poultry,100
1645,Kent,Delaware,01-09-2025,Commercial Broiler Production,194800
1646,Union,Oregon,01-09-2025,WOAH Poultry,380
1647,Darke,Ohio,01-09-2025,Commercial Turkey Meat Bird,21100
1648,Canyon,Idaho,01-09-2025,WOAH Non-Poultry,50
1649,Brazoria,Texas,01-09-2025,WOAH Non-Poultry,90
1650,Burnet,Texas,01-09-2025,WOAH Non-Poultry,10
1651,San Joaquin,California,01-09-2023,WOAH Non-Poultry,10
1652,Sonoma,California,01-09-2023,WOAH Non-Poultry,20
1653,Sonoma,California,01-09-2023,WOAH Non-Poultry,6
1654,Scotts Bluff,Nebraska,01-09-2023,WOAH Non-Poultry,7
1655,Darke,Ohio,01-08-2025,Commercial Table Egg Layer,245300
1656,Perry,Missouri,01-08-2025,WOAH Non-Poultry,20
1657,Arapahoe,Colorado,01-08-2024,WOAH Non-Poultry,20
1658,Sacramento,California,01-08-2024,WOAH Non-Poultry,30
1659,Merced,California,01-08-2024,WOAH Non-Poultry,30
1660,Hanson,South Dakota,01-07-2025,WOAH Non-Poultry,50
1661,Hyde,North Carolina,01-07-2025,Commercial Table Egg Layer,3314900
1662,Palm Beach,Florida,01-07-2025,WOAH Non-Poultry,4
1663,Jay,Indiana,01-07-2025,Commercial Turkey Meat Bird,20300
1664,Clinton,Iowa,01-07-2025,WOAH Non-Poultry,40
1665,Olmsted,Minnesota,01-06-2025,WOAH Non-Poultry,120
1666,Thurston,Washington,01-06-2023,WOAH Non-Poultry,120
1667,Weld,Colorado,01-06-2023,WOAH Non-Poultry,40
1668,Washburn,Wisconsin,01-05-2024,Commercial Turkey Meat Bird,41000
1669,Codington,South Dakota,01-05-2023,WOAH Poultry,140
1670,Kent,Delaware,01-04-2025,Commercial Broiler Production,125000
1671,Ottawa,Michigan,01-04-2025,Commercial Turkey Meat Bird,47000
1672,Ottawa,Michigan,01-04-2025,Commercial Turkey Meat Bird,55200
1673,Rice,Kansas,01-04-2024,Commercial Table Egg Pullets,240000
1674,Josephine,Oregon,01-04-2023,WOAH Non-Poultry,30
1675,Anderson,Kansas,01-04-2023,Commercial Upland Gamebird Producer,8900
1676,Johnson,Missouri,01-04-2023,WOAH Non-Poultry,30
1677,Canyon,Idaho,01-03-2025,WOAH Non-Poultry,20
1678,Butte,California,01-03-2025,Commercial Raised for Release Upland Game Bird,38700
1679,Sharp,Arkansas,01-03-2025,WOAH Non-Poultry,20
1680,Canyon,Idaho,01-03-2025,WOAH Non-Poultry,70
1681,Canyon,Idaho,01-03-2025,WOAH Non-Poultry,20
1682,Stanislaus,California,01-03-2025,Commercial Broiler Production,236100
1683,Pocahontas,West Virginia,01-03-2025,WOAH Poultry,9
1684,Canyon,Idaho,01-03-2025,WOAH Non-Poultry,20
1685,Merced,California,01-03-2024,Commercial Broiler Production,534800
1686,Sonoma,California,01-03-2024,Commercial Broiler Production,77900
1687,Merced,California,01-03-2024,Commercial Table Egg Layer,764300
1688,Stanislaus,California,01-02-2025,Commercial Table Egg Layer,75200
